,end_time,pkg_name,time_offset,start_time,floor,datauuid,update_time,create_time
0,2018-01-24 21:30:56.000,com.sec.android.app.shealth,UTC-0400,2018-01-24 21:29:51.000,2.0,00443274-6e30-97f9-3eb2-75d17f3e766f,2018-01-24 21:34:47.756,2018-01-24 21:34:47.720
1,2018-03-27 21:04:27.000,com.sec.android.app.shealth,UTC-0300,2018-03-27 21:04:01.000,1.0,00ed787d-a38b-8fcf-886d-b15a30e02ff6,2018-03-27 21:11:51.606,2018-03-27 21:11:51.606
2,2018-02-12 07:40:16.000,com.sec.android.app.shealth,UTC-0400,2018-02-12 07:38:21.000,2.0,012ee314-b5de-8ac7-0421-c634e858ebc4,2018-02-12 07:41:27.854,2018-02-12 07:41:27.802
3,2018-03-16 17:17:22.000,com.sec.android.app.shealth,UTC-0300,2018-03-16 17:17:05.000,1.0,016876d6-2d1f-5514-a6c2-12b580e0654c,2018-03-16 17:22:41.066,2018-03-16 17:22:41.044
4,2018-01-22 15:50:38.000,com.sec.android.app.shealth,UTC-0400,2018-01-22 15:50:22.000,1.0,01c24d32-905b-9f65-732e-3c13faf2a1c4,2018-01-22 15:52:59.388,2018-01-22 15:52:59.367
5,2018-04-04 20:54:48.000,com.sec.android.app.shealth,UTC-0300,2018-04-04 20:54:32.000,1.0,01c2a7dc-d5e6-be4e-c598-08f479647a97,2018-04-04 21:28:22.868,2018-04-04 21:28:22.867
6,2017-12-31 13:25:44.000,com.sec.android.app.shealth,UTC-0700,2017-12-31 13:25:15.000,2.0,03daea81-702c-4c3e-c656-9c3d2dc9f6b2,2017-12-31 13:39:54.710,2017-12-31 13:39:54.669
7,2018-04-19 18:34:08.000,com.sec.android.app.shealth,UTC-0300,2018-04-19 18:33:56.000,1.0,0455e0b9-66c7-c389-fefb-192e5f21f99a,2018-04-19 18:41:17.239,2018-04-19 18:41:17.213
8,2017-12-24 11:44:44.000,com.sec.android.app.shealth,UTC-0700,2017-12-24 11:44:06.000,2.0,04bb2565-d4da-ef2a-b42b-e1f54ab2137d,2017-12-24 11:48:39.758,2017-12-24 11:44:19.862
9,2018-02-16 08:24:33.000,com.sec.android.app.shealth,UTC-0400,2018-02-16 08:23:13.000,2.0,0514b64c-861c-d27d-5b8e-b061d71a8779,2018-02-16 08:27:46.204,2018-02-16 08:27:46.173
10,2018-03-21 07:56:42.000,com.sec.android.app.shealth,UTC-0300,2018-03-21 07:56:23.000,1.0,054db359-e80a-5f2e-1b28-35cb0d7775bb,2018-03-21 08:03:39.097,2018-03-21 08:03:39.073
11,2018-02-16 17:17:14.000,com.sec.android.app.shealth,UTC-0400,2018-02-16 17:15:53.000,3.0,055f93f1-6a45-2f9a-ea1f-3a72c9b8b625,2018-02-16 17:40:35.754,2018-02-16 17:40:35.669
12,2017-12-23 12:30:24.000,com.sec.android.app.shealth,UTC-0700,2017-12-23 12:28:59.000,2.0,0575fe9e-ed76-2619-a88c-e940f5c251f2,2017-12-23 12:30:38.326,2017-12-23 12:30:38.214
13,2018-01-19 16:39:42.000,com.sec.android.app.shealth,UTC-0400,2018-01-19 16:38:17.000,2.0,05bd67c6-ab37-bd6d-564b-b1b6ac15011c,2018-01-19 16:41:09.673,2018-01-19 16:41:09.649
14,2018-01-16 09:41:42.000,com.sec.android.app.shealth,UTC-0400,2018-01-16 09:41:24.000,1.0,069ba907-b3be-8dfd-2c35-31464698ed17,2018-01-16 09:53:26.256,2018-01-16 09:53:26.256
15,2018-01-18 17:32:38.000,com.sec.android.app.shealth,UTC-0400,2018-01-18 17:32:04.000,2.0,06af9926-0f3c-23c8-5f9b-c3c28fe8f8a2,2018-01-18 17:37:01.740,2018-01-18 17:37:01.687
16,2018-01-09 18:10:43.000,com.sec.android.app.shealth,UTC-0400,2018-01-09 18:10:29.000,1.0,06c72543-3c7e-7dc1-1d1b-d363b64c3a23,2018-01-09 18:10:43.882,2018-01-09 18:10:43.879
17,2018-01-19 08:09:15.000,com.sec.android.app.shealth,UTC-0400,2018-01-19 08:08:33.000,1.0,06e364d2-b1fa-ff35-2004-4a5608fe38da,2018-01-19 08:10:44.146,2018-01-19 08:10:44.111
18,2018-01-19 18:46:01.000,com.sec.android.app.shealth,UTC-0400,2018-01-19 18:44:27.000,8.0,06f43b89-f308-b62d-7c2d-f5da535dffe1,2018-01-19 18:46:06.579,2018-01-19 18:44:44.108
19,2018-01-29 18:29:38.000,com.sec.android.app.shealth,UTC-0400,2018-01-29 18:27:38.000,3.0,070b3f56-4729-8662-956b-401cfe8767ae,2018-01-29 18:34:14.820,2018-01-29 18:34:14.793
20,2018-01-16 17:50:47.000,com.sec.android.app.shealth,UTC-0400,2018-01-16 17:50:23.000,1.0,07f5f35a-76f2-b1e0-b682-997f5f8872eb,2018-01-16 17:51:17.529,2018-01-16 17:51:17.502
21,2018-03-02 18:40:57.000,com.sec.android.app.shealth,UTC-0400,2018-03-02 18:38:05.000,3.0,07ff0a8b-ff73-e28d-c1ce-804dacb30a0a,2018-03-02 18:43:28.459,2018-03-02 18:43:27.899
22,2018-01-04 09:08:41.000,com.sec.android.app.shealth,UTC-0400,2018-01-04 09:07:24.000,2.0,081fa6dc-ca43-0607-0aec-a8105bf1d5ad,2018-01-04 09:12:32.138,2018-01-04 09:12:32.061
23,2018-01-04 09:12:22.000,com.sec.android.app.shealth,UTC-0400,2018-01-04 09:11:57.000,1.0,08213b55-d691-13c1-1d53-53543b6410e5,2018-01-04 09:12:32.169,2018-01-04 09:12:32.153
24,2018-01-13 08:21:20.000,com.sec.android.app.shealth,UTC-0400,2018-01-13 08:20:36.000,4.0,096658bd-378f-e9d4-1c68-2265cbc6d549,2018-01-13 08:22:13.786,2018-01-13 08:22:13.730
25,2018-01-22 16:39:58.000,com.sec.android.app.shealth,UTC-0400,2018-01-22 16:39:31.000,1.0,09a96bbc-3d08-b265-5ed7-cdb3b4198845,2018-01-22 16:43:55.981,2018-01-22 16:43:55.980
26,2018-03-19 08:42:29.000,com.sec.android.app.shealth,UTC-0300,2018-03-19 08:42:01.000,1.0,09d1ff80-b8bc-d672-f79e-92d8ed5c6281,2018-03-19 08:42:44.716,2018-03-19 08:42:44.676
27,2018-03-07 08:44:35.000,com.sec.android.app.shealth,UTC-0400,2018-03-07 08:44:26.000,1.0,0a5a2a9d-dccc-b2eb-681e-1d9bd2e5b8c7,2018-03-07 08:49:37.475,2018-03-07 08:49:37.474
28,2018-04-02 07:38:39.000,com.sec.android.app.shealth,UTC-0300,2018-04-02 07:37:46.000,1.0,0b2ea3ab-672f-8aaa-6bca-46ee0785f042,2018-04-02 07:47:33.763,2018-04-02 07:47:33.746
29,2018-03-30 10:05:48.000,com.sec.android.app.shealth,UTC-0300,2018-03-30 10:05:39.000,1.0,0b31d35e-3a1a-a3cd-b61f-60577b70fba6,2018-03-30 10:07:33.138,2018-03-30 10:07:33.137
30,2018-03-14 21:01:33.000,com.sec.android.app.shealth,UTC-0300,2018-03-14 21:01:13.000,1.0,0b385e7c-39d8-5064-7afa-24d7cbb94f70,2018-03-14 21:06:07.891,2018-03-14 21:06:07.874
31,2018-02-13 08:40:37.000,com.sec.android.app.shealth,UTC-0400,2018-02-13 08:40:13.000,1.0,0bf8feb5-50dc-0cac-e39b-60e151d10ce5,2018-02-13 08:46:56.190,2018-02-13 08:46:56.169
32,2018-02-05 09:04:41.000,com.sec.android.app.shealth,UTC-0400,2018-02-05 09:04:10.000,2.0,0c2f712a-3bf7-c681-0e49-4385ebdc5e7f,2018-02-05 09:09:21.093,2018-02-05 09:09:21.075
33,2018-04-10 09:18:11.000,com.sec.android.app.shealth,UTC-0300,2018-04-10 09:17:50.000,1.0,0c9bd336-16dd-bbf3-ee76-33b6283682b6,2018-04-10 09:25:42.008,2018-04-10 09:25:42.007
34,2018-02-16 20:59:52.000,com.sec.android.app.shealth,UTC-0400,2018-02-16 20:58:57.000,2.0,0cdbbe35-92e8-50b5-3ade-ad1e237982e7,2018-02-16 21:06:54.792,2018-02-16 21:06:54.770
35,2018-04-19 18:14:14.000,com.sec.android.app.shealth,UTC-0300,2018-04-19 18:14:05.000,1.0,0d0a6444-d794-2355-6ff6-c8518da98bb1,2018-04-19 18:31:32.435,2018-04-19 18:31:32.432
36,2018-02-13 08:36:15.000,com.sec.android.app.shealth,UTC-0400,2018-02-13 08:35:42.000,2.0,0d587280-9358-6ff4-9c45-3868ea1afebf,2018-02-13 08:46:56.145,2018-02-13 08:46:56.110
37,2018-01-19 09:13:51.000,com.sec.android.app.shealth,UTC-0400,2018-01-19 09:13:29.000,1.0,0d7fc22f-0b5a-7945-978c-2121db448cfb,2018-01-19 09:14:05.145,2018-01-19 09:14:05.120
38,2018-03-24 10:00:46.000,com.sec.android.app.shealth,UTC-0300,2018-03-24 10:00:30.000,1.0,0e65707b-f1bb-6af9-a5c3-c1c5e97ca459,2018-03-24 10:09:58.641,2018-03-24 10:09:58.629
39,2018-05-02 17:35:27.000,com.sec.android.app.shealth,UTC-0300,2018-05-02 17:35:14.000,1.0,0f26a639-e4b0-c152-bc94-c01ecc596ffc,2018-05-02 18:08:31.867,2018-05-02 18:08:31.852
40,2018-01-11 16:59:33.000,com.sec.android.app.shealth,UTC-0400,2018-01-11 16:59:18.000,1.0,107283f5-2046-b85b-c7b3-b28faf15ba99,2018-01-11 17:05:36.872,2018-01-11 17:05:36.854
41,2018-04-30 08:42:03.000,com.sec.android.app.shealth,UTC-0300,2018-04-30 08:41:39.000,2.0,10a497e8-f7bc-9afc-409c-24f9c78d234e,2018-04-30 08:46:23.045,2018-04-30 08:46:23.024
42,2018-01-07 13:58:02.000,com.sec.android.app.shealth,UTC-0400,2018-01-07 13:56:57.000,7.0,121d5f08-823f-7a4e-28c3-da3256079d18,2018-01-07 13:58:51.788,2018-01-07 13:57:08.668
43,2018-03-14 20:11:39.000,com.sec.android.app.shealth,UTC-0300,2018-03-14 20:11:18.000,1.0,126ad318-d4c1-e269-f9f6-49f931e4a884,2018-03-14 20:12:14.050,2018-03-14 20:12:14.035
44,2017-12-31 22:29:07.000,com.sec.android.app.shealth,UTC-0700,2017-12-31 22:28:53.000,1.0,12734da4-a528-fbf5-a5b0-83af069e7beb,2017-12-31 22:29:21.964,2017-12-31 22:29:21.939
45,2018-03-14 20:03:33.000,com.sec.android.app.shealth,UTC-0300,2018-03-14 20:02:58.000,1.0,12dd9480-1ff6-71d8-4995-98e85fd62155,2018-03-14 20:03:37.960,2018-03-14 20:03:37.934
46,2018-02-20 19:33:48.000,com.sec.android.app.shealth,UTC-0400,2018-02-20 19:33:22.000,1.0,12de7a7c-3894-3907-f5c8-895dc31aa10b,2018-02-20 19:42:58.637,2018-02-20 19:42:58.637
47,2018-01-19 11:07:51.000,com.sec.android.app.shealth,UTC-0400,2018-01-19 11:06:25.000,6.0,12efdb88-63ce-bcda-24ec-877350a3750f,2018-01-19 11:16:00.715,2018-01-19 11:07:16.122
48,2018-01-22 18:54:49.000,com.sec.android.app.shealth,UTC-0400,2018-01-22 18:53:14.000,9.0,1336074c-93eb-ad20-4f48-ff70dcdd95ac,2018-01-22 18:55:44.775,2018-01-22 18:55:44.661
49,2018-02-16 21:01:31.000,com.sec.android.app.shealth,UTC-0400,2018-02-16 21:01:06.000,1.0,13423da6-7c6c-c673-94c4-8bb5b8703c6e,2018-02-16 21:06:54.804,2018-02-16 21:06:54.803
50,2018-01-16 17:38:05.000,com.sec.android.app.shealth,UTC-0400,2018-01-16 17:37:40.000,1.0,1469d6df-f325-a62d-2c1c-69a4651b44d8,2018-01-16 17:41:52.973,2018-01-16 17:41:52.940
51,2018-04-24 12:27:30.000,com.sec.android.app.shealth,UTC-0300,2018-04-24 12:27:17.000,1.0,14718968-f32b-0911-7cae-4fc4e4a02566,2018-04-24 12:37:46.087,2018-04-24 12:37:46.087
52,2018-02-07 13:47:40.000,com.sec.android.app.shealth,UTC-0400,2018-02-07 13:47:08.000,1.0,151e43be-c4c5-bfc6-75c9-4f58b4b392c4,2018-02-07 13:51:31.205,2018-02-07 13:51:31.189
53,2018-01-22 16:46:34.000,com.sec.android.app.shealth,UTC-0400,2018-01-22 16:45:04.000,9.0,156fb3e0-69d0-d071-1766-1c57984bca97,2018-01-22 16:48:54.790,2018-01-22 16:48:54.653
54,2018-03-07 20:07:19.000,com.sec.android.app.shealth,UTC-0400,2018-03-07 20:07:02.000,1.0,157e489e-184d-ffac-c543-35117e2c47a2,2018-03-07 20:14:54.355,2018-03-07 20:14:54.333
55,2018-04-07 16:05:17.000,com.sec.android.app.shealth,UTC-0300,2018-04-07 16:05:05.000,1.0,1615396d-533e-c3f0-ccb9-4d66ecac75a2,2018-04-07 16:07:53.567,2018-04-07 16:07:53.567
56,2018-02-17 13:09:49.000,com.sec.android.app.shealth,UTC-0400,2018-02-17 13:09:37.000,1.0,1631ded5-32e6-7d0a-d5db-aa69c848dfb4,2018-02-17 13:11:49.991,2018-02-17 13:11:49.989
57,2018-03-04 16:07:34.000,com.sec.android.app.shealth,UTC-0400,2018-03-04 16:07:17.000,1.0,189eabce-ba93-e604-d10f-6141a5fb12a3,2018-03-04 16:12:02.866,2018-03-04 16:12:02.841
58,2018-01-24 17:31:57.000,com.sec.android.app.shealth,UTC-0400,2018-01-24 17:31:37.000,1.0,1aaa3733-7d20-7298-410c-3f2893a4c0af,2018-01-24 17:31:58.473,2018-01-24 17:31:52.458
59,2018-03-08 09:09:34.000,com.sec.android.app.shealth,UTC-0400,2018-03-08 09:09:27.000,1.0,1ac8dde9-853f-26e9-aef4-d7f13639c394,2018-03-08 09:18:22.807,2018-03-08 09:18:22.805
60,2018-01-31 19:56:26.000,com.sec.android.app.shealth,UTC-0400,2018-01-31 19:56:17.000,2.0,1b0e6391-22f6-febb-7911-29421ef1c9de,2018-01-31 20:00:45.039,2018-01-31 20:00:45.026
61,2018-04-02 07:40:44.000,com.sec.android.app.shealth,UTC-0300,2018-04-02 07:40:23.000,1.0,1b264270-64ff-c005-b1fa-7ce56b593f71,2018-04-02 07:47:33.792,2018-04-02 07:47:33.773
62,2018-04-11 08:15:58.000,com.sec.android.app.shealth,UTC-0300,2018-04-11 08:15:38.000,1.0,1bce1e00-3da7-389f-64b8-d487022190e4,2018-04-11 08:17:26.728,2018-04-11 08:17:26.712
63,2018-04-25 08:17:42.000,com.sec.android.app.shealth,UTC-0300,2018-04-25 08:17:25.000,1.0,1d7247de-4b51-ea35-8b66-08c5ea463acb,2018-04-25 08:19:31.264,2018-04-25 08:19:31.236
64,2018-03-02 07:45:01.000,com.sec.android.app.shealth,UTC-0400,2018-03-02 07:44:11.000,2.0,1d7677eb-e782-ed72-4a00-0e452ecad04a,2018-03-02 07:45:28.175,2018-03-02 07:45:28.131
65,2018-04-05 15:48:46.000,com.sec.android.app.shealth,UTC-0300,2018-04-05 15:48:39.000,1.0,1dcad738-e6e4-c82e-41d7-5b9fbc3717ea,2018-04-05 15:51:26.874,2018-04-05 15:51:26.873
66,2018-02-20 18:33:53.000,com.sec.android.app.shealth,UTC-0400,2018-02-20 18:33:30.000,1.0,1e194cb1-c902-365a-2abb-66ade09ca16a,2018-02-20 18:36:11.337,2018-02-20 18:36:11.305
67,2018-04-16 17:11:17.000,com.sec.android.app.shealth,UTC-0300,2018-04-16 17:11:04.000,1.0,1e4fbdae-9333-a28f-60f4-24feb9379acc,2018-04-16 17:13:49.235,2018-04-16 17:13:49.208
68,2018-04-26 19:10:09.000,com.sec.android.app.shealth,UTC-0300,2018-04-26 19:08:51.000,6.0,1f2bd466-a762-f215-2082-4d6ef3b421d8,2018-04-26 19:10:57.848,2018-04-26 19:10:57.743
69,2018-02-20 08:40:08.000,com.sec.android.app.shealth,UTC-0400,2018-02-20 08:39:47.000,1.0,2009a4a0-79e6-8fde-c1d5-dbfad92a59ff,2018-02-20 08:41:08.915,2018-02-20 08:41:08.888
70,2018-02-07 09:09:52.000,com.sec.android.app.shealth,UTC-0400,2018-02-07 09:09:37.000,1.0,2040e5fb-f8f8-a80a-c2d5-3a6619bd31b0,2018-02-07 09:10:46.857,2018-02-07 09:10:46.857
71,2018-01-31 17:27:16.000,com.sec.android.app.shealth,UTC-0400,2018-01-31 17:27:02.000,1.0,20d6b3dc-df8f-d44d-a41a-872cf8583c2b,2018-01-31 17:27:17.110,2018-01-31 17:27:17.109
72,2018-04-16 07:45:47.000,com.sec.android.app.shealth,UTC-0300,2018-04-16 07:45:35.000,1.0,20e3d34b-d026-75be-75e4-ea4d2c03554e,2018-04-16 07:48:04.874,2018-04-16 07:48:04.872
73,2018-01-20 17:08:06.000,com.sec.android.app.shealth,UTC-0400,2018-01-20 17:06:04.000,8.0,20e66df3-8804-7324-51e8-55c3b31e9539,2018-01-20 17:08:06.083,2018-01-20 17:06:19.776
74,2018-01-02 12:27:04.000,com.sec.android.app.shealth,UTC-0400,2018-01-02 12:26:54.000,1.0,20f34442-58e8-750f-c7b6-0ec0b41a6459,2018-01-02 12:33:01.319,2018-01-02 12:33:01.314
75,2018-02-05 08:13:21.000,com.sec.android.app.shealth,UTC-0400,2018-02-05 08:13:04.000,1.0,221fa440-9d7d-ffc6-db8f-0111d0421316,2018-02-05 08:14:57.578,2018-02-05 08:14:57.559
76,2018-02-04 08:01:25.000,com.sec.android.app.shealth,UTC-0400,2018-02-04 07:59:40.000,9.0,2278eaeb-1bb7-f225-35df-b4af72e67abd,2018-02-04 08:02:27.089,2018-02-04 08:02:26.963
77,2018-02-05 07:03:39.000,com.sec.android.app.shealth,UTC-0400,2018-02-05 07:02:31.000,6.0,23a76b93-9ee9-9442-efb7-85dc251fa0e9,2018-02-05 07:06:15.553,2018-02-05 07:06:15.435
78,2017-12-24 12:10:18.000,com.sec.android.app.shealth,UTC-0700,2017-12-24 12:09:46.000,2.0,24f13e42-15ba-b7d4-348f-236b4542d794,2017-12-24 12:13:34.271,2017-12-24 12:13:34.138
79,2018-04-19 18:25:18.000,com.sec.android.app.shealth,UTC-0300,2018-04-19 18:25:09.000,1.0,25a9562b-ab72-4bf5-f4b1-fa02ee9a0b36,2018-04-19 18:31:32.461,2018-04-19 18:31:32.460
80,2018-02-07 20:04:11.000,com.sec.android.app.shealth,UTC-0400,2018-02-07 20:03:58.000,1.0,26a00ccf-f50c-04b9-4433-ae19e92fd0ba,2018-02-07 20:26:40.665,2018-02-07 20:26:40.665
81,2018-03-28 09:10:31.000,com.sec.android.app.shealth,UTC-0300,2018-03-28 09:10:05.000,1.0,27f91809-edd1-db5f-9023-fc6cad464b80,2018-03-28 09:10:39.275,2018-03-28 09:10:39.252
82,2018-02-19 19:06:53.000,com.sec.android.app.shealth,UTC-0400,2018-02-19 19:05:23.000,9.0,284e23ae-24d9-5c10-fd42-33563e47279b,2018-02-19 19:07:18.810,2018-02-19 19:07:18.682
83,2018-02-13 07:47:57.000,com.sec.android.app.shealth,UTC-0400,2018-02-13 07:47:39.000,1.0,287e67b2-26fc-1aa6-418d-6de10f7806cc,2018-02-13 07:50:27.630,2018-02-13 07:50:27.609
84,2018-03-07 17:22:36.000,com.sec.android.app.shealth,UTC-0400,2018-03-07 17:22:12.000,3.0,28c2ccd0-00ab-e355-b295-4d205eb5f558,2018-03-07 17:24:12.734,2018-03-07 17:22:23.707
85,2018-02-05 20:16:00.000,com.sec.android.app.shealth,UTC-0400,2018-02-05 20:13:26.000,11.0,28f9eb6a-1faa-7a7c-a03b-db850d362d0d,2018-02-05 20:16:46.954,2018-02-05 20:16:46.755
86,2018-04-24 07:36:51.000,com.sec.android.app.shealth,UTC-0300,2018-04-24 07:34:31.000,9.0,29621562-bb8d-e983-337b-64a3d6300223,2018-04-24 07:37:42.232,2018-04-24 07:37:42.076
87,2017-12-22 18:58:50.000,com.sec.android.app.shealth,UTC-0700,2017-12-22 18:58:40.000,1.0,297fbbc0-dddc-fc98-8c4a-e2bf3f6ff17a,2017-12-22 18:59:00.405,2017-12-22 18:59:00.377
88,2018-02-07 17:17:59.000,com.sec.android.app.shealth,UTC-0400,2018-02-07 17:16:25.000,3.0,29a073b5-7b98-5251-6c34-030c01ae119d,2018-02-07 17:18:22.758,2018-02-07 17:18:22.696
89,2018-04-13 17:18:03.000,com.sec.android.app.shealth,UTC-0300,2018-04-13 17:16:04.000,7.0,29e9bf90-5509-2ea6-cd51-d7d38fc04dc2,2018-04-13 17:19:09.384,2018-04-13 17:19:09.271
90,2018-04-02 15:51:23.000,com.sec.android.app.shealth,UTC-0300,2018-04-02 15:50:38.000,2.0,2a2de07f-383e-47f0-a29c-579ee3c03448,2018-04-02 15:52:22.914,2018-04-02 15:52:22.881
91,2018-04-04 07:54:03.000,com.sec.android.app.shealth,UTC-0300,2018-04-04 07:52:43.000,4.0,2ab35f1d-b422-a010-4432-35d3f275a37c,2018-04-04 07:55:56.933,2018-04-04 07:55:56.873
92,2018-01-08 10:02:50.000,com.sec.android.app.shealth,UTC-0400,2018-01-08 10:01:22.000,6.0,2b472114-3c5b-7c03-5ffa-f48d42244c51,2018-01-08 10:14:51.959,2018-01-08 10:02:11.947
93,2017-12-25 14:16:31.000,com.sec.android.app.shealth,UTC-0700,2017-12-25 14:15:46.000,2.0,2b8ea689-fe41-1a78-b7c0-89c0ea07815a,2017-12-25 14:21:10.869,2017-12-25 14:21:10.035
94,2018-02-28 18:06:08.000,com.sec.android.app.shealth,UTC-0400,2018-02-28 18:05:42.000,1.0,2baa777e-4d85-bc0a-f700-1dae7b8b3397,2018-02-28 18:08:24.903,2018-02-28 18:08:24.888
95,2018-03-16 20:00:33.000,com.sec.android.app.shealth,UTC-0300,2018-03-16 20:00:09.000,1.0,2c186fa5-37e7-a160-cd26-2474c241f72e,2018-03-16 20:07:44.640,2018-03-16 20:07:44.640
96,2018-04-30 19:29:33.000,com.sec.android.app.shealth,UTC-0300,2018-04-30 19:29:07.000,1.0,2cb6b4d6-2690-7a84-37c1-c7bcecbd69aa,2018-04-30 19:35:58.625,2018-04-30 19:35:58.624
97,2018-02-12 08:42:18.000,com.sec.android.app.shealth,UTC-0400,2018-02-12 08:42:05.000,1.0,2cf3bacc-b259-58d1-3577-968145859f8d,2018-02-12 08:48:53.146,2018-02-12 08:48:53.128
98,2018-04-19 09:02:10.000,com.sec.android.app.shealth,UTC-0300,2018-04-19 09:02:00.000,1.0,2d8b9f6e-be1a-62d6-610f-382c4f60b8e5,2018-04-19 09:30:14.806,2018-04-19 09:30:14.805
99,2018-04-05 08:44:10.000,com.sec.android.app.shealth,UTC-0300,2018-04-05 08:44:00.000,1.0,2dc1a4e0-b465-421a-b7b9-96f37e5ec3af,2018-04-05 08:49:23.903,2018-04-05 08:49:23.903
100,2018-03-21 20:01:38.000,com.sec.android.app.shealth,UTC-0300,2018-03-21 20:01:18.000,1.0,2df84fd1-efbe-97b9-3ddf-4e82597189c0,2018-03-21 20:10:38.169,2018-03-21 20:10:38.149
101,2017-12-21 14:16:21.000,com.sec.android.app.shealth,UTC-0700,2017-12-21 14:15:33.000,2.0,2ea6f1f2-21eb-38fa-9122-2fd53679f0bd,2017-12-21 14:19:57.895,2017-12-21 14:19:57.874
102,2018-04-05 16:32:07.000,com.sec.android.app.shealth,UTC-0300,2018-04-05 16:31:55.000,1.0,2f61d53c-7551-b1f6-6712-d8f81f8bcd7c,2018-04-05 16:32:08.315,2018-04-05 16:32:08.314
103,2018-04-04 13:34:33.000,com.sec.android.app.shealth,UTC-0300,2018-04-04 13:34:22.000,1.0,2fb65033-8428-ef15-fc5a-00ab06664cc9,2018-04-04 15:10:29.559,2018-04-04 15:10:29.533
104,2018-03-28 21:07:48.000,com.sec.android.app.shealth,UTC-0300,2018-03-28 21:05:47.000,9.0,3100e756-5762-19d8-d3a8-feb70fc11814,2018-03-28 21:08:09.871,2018-03-28 21:08:09.702
105,2018-02-28 17:59:43.000,com.sec.android.app.shealth,UTC-0400,2018-02-28 17:58:25.000,2.0,311d9622-25ef-93a4-334b-807cc0920aba,2018-02-28 18:05:23.115,2018-02-28 18:05:23.080
106,2018-03-05 18:32:01.000,com.sec.android.app.shealth,UTC-0400,2018-03-05 18:31:49.000,1.0,317b2375-c700-e2b5-5f50-ee1d6d68426a,2018-03-05 18:34:38.054,2018-03-05 18:34:38.041
107,2017-12-24 11:59:37.000,com.sec.android.app.shealth,UTC-0700,2017-12-24 11:59:08.000,2.0,31adc0b5-3799-d112-f31b-3596dbea1a16,2017-12-24 12:13:34.112,2017-12-24 12:13:34.100
108,2018-02-09 07:29:26.000,com.sec.android.app.shealth,UTC-0400,2018-02-09 07:27:15.000,9.0,31afb5bc-7edf-3bb3-494e-9e5a9025ccbf,2018-02-09 07:30:46.798,2018-02-09 07:30:46.681
109,2017-12-18 09:15:38.000,com.sec.android.app.shealth,UTC-0400,2017-12-18 09:15:09.000,1.0,31ef213a-bfb8-0963-8383-72f8fd539f75,2017-12-18 09:15:39.715,2017-12-18 09:15:36.285
110,2018-04-19 19:30:39.000,com.sec.android.app.shealth,UTC-0300,2018-04-19 19:30:15.000,1.0,321eacb7-e0b1-8dbb-f839-36ed4dc26975,2018-04-19 19:34:36.483,2018-04-19 19:34:36.482
111,2018-02-07 09:08:37.000,com.sec.android.app.shealth,UTC-0400,2018-02-07 09:08:23.000,1.0,3294f9a5-9de9-6204-b113-4713c1144ebb,2018-02-07 09:08:39.896,2018-02-07 09:08:39.876
112,2017-12-24 14:33:28.000,com.sec.android.app.shealth,UTC-0700,2017-12-24 14:32:59.000,1.0,32d43efe-313e-8291-83cf-f03a6a55d423,2017-12-24 14:34:40.877,2017-12-24 14:34:40.858
113,2018-02-26 16:14:31.000,com.sec.android.app.shealth,UTC-0400,2018-02-26 16:14:08.000,1.0,33030019-bb25-c080-169f-ba02c40eb8b9,2018-02-26 16:17:47.800,2018-02-26 16:17:47.786
114,2017-12-25 13:10:28.000,com.sec.android.app.shealth,UTC-0700,2017-12-25 13:09:13.000,3.0,333ea16f-499c-3c80-81c7-f90b87728bc6,2017-12-25 13:21:08.927,2017-12-25 13:21:08.895
115,2018-03-05 18:36:45.000,com.sec.android.app.shealth,UTC-0400,2018-03-05 18:35:54.000,2.0,33f2fc9d-13d0-a0e3-8ea9-4eac543a4fc5,2018-03-05 18:41:05.725,2018-03-05 18:41:05.710
116,2018-04-04 21:00:27.000,com.sec.android.app.shealth,UTC-0300,2018-04-04 20:58:37.000,3.0,3546c0f3-3097-5dad-cccc-450bf694c386,2018-04-04 21:28:22.941,2018-04-04 21:28:22.885
117,2017-12-30 18:05:15.000,com.sec.android.app.shealth,UTC-0700,2017-12-30 18:04:33.000,1.0,358846ab-3542-fe48-f100-9cf7b478d6bb,2017-12-30 18:05:22.923,2017-12-30 18:05:22.896
118,2018-02-08 19:59:58.000,com.sec.android.app.shealth,UTC-0400,2018-02-08 19:57:18.000,10.0,35c9b243-45eb-4a2d-23fd-d6c06ba29b70,2018-02-08 20:22:10.095,2018-02-08 20:22:09.913
119,2018-01-16 18:38:21.000,com.sec.android.app.shealth,UTC-0400,2018-01-16 18:37:29.000,2.0,3768d749-638d-9fed-6b13-a11023d094dc,2018-01-16 18:43:58.902,2018-01-16 18:43:58.874
120,2017-12-20 15:31:35.000,com.sec.android.app.shealth,UTC-0700,2017-12-20 15:31:21.000,1.0,37922f1e-2114-f46b-e78a-28459cc762c2,2017-12-20 15:34:59.961,2017-12-20 15:34:59.960
121,2018-03-14 20:59:31.000,com.sec.android.app.shealth,UTC-0300,2018-03-14 20:58:36.000,2.0,37bcc41d-5f6c-0e68-b034-2b5604f9ca76,2018-03-14 21:06:07.852,2018-03-14 21:06:07.828
122,2018-01-03 09:09:26.000,com.sec.android.app.shealth,UTC-0400,2018-01-03 09:09:08.000,1.0,381cec09-db65-ea78-9e77-9eb4504f2474,2018-01-03 09:14:55.360,2018-01-03 09:14:55.319
123,2018-04-11 17:38:43.000,com.sec.android.app.shealth,UTC-0300,2018-04-11 17:37:26.000,3.0,382ec223-ec9f-7665-8ddb-d910c69ff9a2,2018-04-11 17:44:06.846,2018-04-11 17:44:06.779
124,2017-12-16 11:28:23.000,com.sec.android.app.shealth,UTC-0400,2017-12-16 11:28:13.000,1.0,38a818a5-1b9b-e238-585e-a1f73c11a848,2017-12-16 11:32:40.721,2017-12-16 11:32:40.719
125,2018-02-09 12:44:57.000,com.sec.android.app.shealth,UTC-0400,2018-02-09 12:43:06.000,8.0,38ec0eac-68af-e324-dd6c-c65824ddf545,2018-02-09 12:44:58.936,2018-02-09 12:44:50.868
126,2018-04-10 08:04:40.000,com.sec.android.app.shealth,UTC-0300,2018-04-10 08:04:31.000,1.0,39306050-f4ed-cedd-093a-9901d49608d9,2018-04-10 08:05:40.663,2018-04-10 08:05:40.661
127,2018-01-21 08:05:01.000,com.sec.android.app.shealth,UTC-0400,2018-01-21 08:03:16.000,9.0,39a23d6a-1c44-6ace-aa68-34ec1d1f5d76,2018-01-21 08:06:35.758,2018-01-21 08:06:35.639
128,2018-04-14 14:10:33.000,com.sec.android.app.shealth,UTC-0300,2018-04-14 14:10:01.000,1.0,3aaa55ce-0bf9-4677-24a1-a8a0d24d90c4,2018-04-14 14:10:33.545,2018-04-14 14:10:20.561
129,2018-01-24 20:31:52.000,com.sec.android.app.shealth,UTC-0400,2018-01-24 20:30:15.000,3.0,3ab6c135-7296-9755-9a75-84384175e367,2018-01-24 20:35:30.850,2018-01-24 20:35:30.754
130,2018-03-21 17:04:50.000,com.sec.android.app.shealth,UTC-0300,2018-03-21 17:04:28.000,1.0,3b09d92e-63d5-12f8-e92c-865c730f9ba0,2018-03-21 17:06:55.820,2018-03-21 17:06:55.802
131,2018-03-27 20:10:07.000,com.sec.android.app.shealth,UTC-0300,2018-03-27 20:08:22.000,3.0,3bd6e139-d5fd-70e6-c4e1-e71c4a74c2f9,2018-03-27 20:10:07.973,2018-03-27 20:10:07.057
132,2017-12-18 15:50:51.000,com.sec.android.app.shealth,UTC-0400,2017-12-18 15:50:25.000,1.0,3c312f18-1989-db3b-b22b-69f0254a4d02,2017-12-18 15:50:52.432,2017-12-18 15:50:40.431
133,2018-03-02 07:46:41.000,com.sec.android.app.shealth,UTC-0400,2018-03-02 07:46:28.000,1.0,3c5ab464-51b0-1478-a62d-ab8beede9126,2018-03-02 07:47:30.860,2018-03-02 07:47:30.859
134,2018-04-04 19:44:18.000,com.sec.android.app.shealth,UTC-0300,2018-04-04 19:44:07.000,1.0,3de45dc5-a335-cf2b-609c-b43a34fb8127,2018-04-04 19:46:18.811,2018-04-04 19:46:18.797
135,2018-01-29 17:32:26.000,com.sec.android.app.shealth,UTC-0400,2018-01-29 17:32:09.000,1.0,3eb857a5-8742-6b2e-a880-96b3484da4f8,2018-01-29 17:32:27.306,2018-01-29 17:32:24.603
136,2018-01-31 08:09:15.000,com.sec.android.app.shealth,UTC-0400,2018-01-31 08:08:21.000,2.0,3f37b6d5-faa0-c13a-c7de-1b16c0defae0,2018-01-31 08:11:12.800,2018-01-31 08:11:12.783
137,2018-01-18 12:37:25.000,com.sec.android.app.shealth,UTC-0400,2018-01-18 12:37:16.000,1.0,3f78342d-50ed-61c4-bfba-79957921f8c4,2018-01-18 13:04:10.653,2018-01-18 13:04:10.630
138,2018-04-02 08:41:41.000,com.sec.android.app.shealth,UTC-0300,2018-04-02 08:41:19.000,1.0,3f78e93a-6323-4859-209f-49d4f5fcc377,2018-04-02 08:45:01.142,2018-04-02 08:45:01.141
139,2018-05-02 11:17:50.000,com.sec.android.app.shealth,UTC-0300,2018-05-02 11:17:26.000,1.0,3fe727ee-1dc5-68ef-cfc8-1e3a85ce9632,2018-05-02 11:20:13.744,2018-05-02 11:20:13.730
140,2018-04-04 08:44:46.000,com.sec.android.app.shealth,UTC-0300,2018-04-04 08:44:27.000,1.0,40f2d594-cb9b-fb94-e333-1cc950d6f88e,2018-04-04 08:58:23.673,2018-04-04 08:58:23.641
141,2018-02-08 19:44:15.000,com.sec.android.app.shealth,UTC-0400,2018-02-08 19:43:38.000,2.0,4183fffb-3f6a-8e41-4fa2-3a38c7f4390c,2018-02-08 20:22:09.902,2018-02-08 20:22:09.868
142,2018-02-21 14:14:18.000,com.sec.android.app.shealth,UTC-0400,2018-02-21 14:14:07.000,1.0,421ac20c-1417-4164-a9b0-8e2ca6863a4e,2018-02-21 14:21:46.899,2018-02-21 14:21:46.898
143,2018-03-28 20:08:53.000,com.sec.android.app.shealth,UTC-0300,2018-03-28 20:08:27.000,1.0,42536532-321b-0d85-31a9-eb8b5449e059,2018-03-28 20:09:11.133,2018-03-28 20:09:11.113
144,2018-04-14 15:21:45.000,com.sec.android.app.shealth,UTC-0300,2018-04-14 15:21:32.000,1.0,42a97de5-b2bc-c4d4-814f-7776be7de67a,2018-04-14 15:26:15.200,2018-04-14 15:26:15.200
145,2018-04-19 19:32:35.000,com.sec.android.app.shealth,UTC-0300,2018-04-19 19:32:06.000,1.0,435af374-e982-bc45-e6cb-cdd28655c72c,2018-04-19 19:34:36.506,2018-04-19 19:34:36.506
146,2018-02-05 08:11:56.000,com.sec.android.app.shealth,UTC-0400,2018-02-05 08:09:58.000,3.0,436f2b7c-6a01-4514-7d15-03b648c154fe,2018-02-05 08:12:18.345,2018-02-05 08:12:18.312
147,2017-12-31 13:32:54.000,com.sec.android.app.shealth,UTC-0700,2017-12-31 13:32:34.000,1.0,44066492-d709-fc68-2a01-f04baa604e9b,2017-12-31 13:39:54.736,2017-12-31 13:39:54.724
148,2018-04-02 07:36:25.000,com.sec.android.app.shealth,UTC-0300,2018-04-02 07:35:57.000,1.0,447c4e39-d315-de23-57a4-83379de29c9b,2018-04-02 07:47:33.726,2018-04-02 07:47:33.726
149,2018-03-10 11:24:33.000,com.sec.android.app.shealth,UTC-0400,2018-03-10 11:23:00.000,8.0,44c1f4d5-3271-de86-4664-5c6e2c78ddfa,2018-03-10 11:24:53.250,2018-03-10 11:24:53.105
150,2018-02-21 20:53:59.000,com.sec.android.app.shealth,UTC-0400,2018-02-21 20:53:46.000,1.0,44d145c3-8b78-c951-0433-8d7dc54ccb0d,2018-02-21 21:08:26.873,2018-02-21 21:08:26.873
151,2017-12-25 14:49:31.000,com.sec.android.app.shealth,UTC-0700,2017-12-25 14:47:43.000,6.0,453c5093-ea2a-9575-819c-495ccf4c1b4e,2017-12-25 14:52:48.257,2017-12-25 14:52:48.179
152,2018-02-21 20:05:32.000,com.sec.android.app.shealth,UTC-0400,2018-02-21 20:05:05.000,1.0,45608d03-0d85-7c86-00b6-50147e23d1be,2018-02-21 20:08:20.798,2018-02-21 20:08:20.776
153,2018-02-14 17:22:42.000,com.sec.android.app.shealth,UTC-0400,2018-02-14 17:21:41.000,3.0,45b56c30-a25e-e690-50e2-0718ff9a9baf,2018-02-14 17:39:30.748,2018-02-14 17:39:30.690
154,2018-04-11 19:54:54.000,com.sec.android.app.shealth,UTC-0300,2018-04-11 19:53:18.000,2.0,45ff6063-2b09-0f5f-a8ff-02e83af90432,2018-04-11 19:59:30.464,2018-04-11 19:59:30.406
155,2018-01-29 18:23:37.000,com.sec.android.app.shealth,UTC-0400,2018-01-29 18:23:25.000,1.0,479ba186-cc34-37cb-fd86-4bbfe1333d8a,2018-01-29 18:34:14.775,2018-01-29 18:34:14.774
156,2018-02-21 07:42:53.000,com.sec.android.app.shealth,UTC-0400,2018-02-21 07:42:35.000,1.0,479f4c31-8edb-9331-cf20-fd3cd759e885,2018-02-21 07:46:47.034,2018-02-21 07:46:47.032
157,2018-03-07 07:53:30.000,com.sec.android.app.shealth,UTC-0400,2018-03-07 07:51:24.000,4.0,47d54c47-ac46-93ea-75ef-c495e0ef31f7,2018-03-07 07:53:51.823,2018-03-07 07:51:53.406
158,2018-01-07 18:17:59.000,com.sec.android.app.shealth,UTC-0400,2018-01-07 18:17:13.000,4.0,4866038d-f14c-a850-5e7a-b29c2c007b20,2018-01-07 18:18:12.446,2018-01-07 18:17:26.083
159,2018-04-17 17:23:29.000,com.sec.android.app.shealth,UTC-0300,2018-04-17 17:23:08.000,1.0,48c26e7d-2959-1231-ac72-13db965e57df,2018-04-17 17:27:57.218,2018-04-17 17:27:57.200
160,2018-04-11 19:52:14.000,com.sec.android.app.shealth,UTC-0300,2018-04-11 19:51:58.000,1.0,499178f9-34dc-fcd7-7095-21a8609dcbc5,2018-04-11 19:59:30.390,2018-04-11 19:59:30.390
161,2018-04-23 14:27:58.000,com.sec.android.app.shealth,UTC-0300,2018-04-23 14:27:35.000,1.0,49934b15-ddb3-3c3b-e5cc-a962647fb2fe,2018-04-23 14:42:22.662,2018-04-23 14:42:22.646
162,2018-01-03 09:14:11.000,com.sec.android.app.shealth,UTC-0400,2018-01-03 09:13:51.000,1.0,49edf4d4-48f0-5cd5-cfea-b27ba7a40434,2018-01-03 09:14:55.418,2018-01-03 09:14:55.401
163,2018-02-02 08:23:04.000,com.sec.android.app.shealth,UTC-0400,2018-02-02 08:21:15.000,9.0,4aa15647-25a8-2949-ad39-ee1293931233,2018-02-02 08:24:28.926,2018-02-02 08:24:28.769
164,2018-04-17 17:30:31.000,com.sec.android.app.shealth,UTC-0300,2018-04-17 17:30:25.000,1.0,4aac6f74-d42c-4351-4211-5542e096d110,2018-04-17 17:40:19.772,2018-04-17 17:40:19.772
165,2018-03-16 09:04:48.000,com.sec.android.app.shealth,UTC-0300,2018-03-16 09:04:23.000,1.0,4aaf774f-eccc-4d05-5320-29fa945b10af,2018-03-16 09:06:04.289,2018-03-16 09:06:04.268
166,2018-04-21 12:25:09.000,com.sec.android.app.shealth,UTC-0300,2018-04-21 12:24:43.000,1.0,4b232706-9b44-a916-647e-253974916d50,2018-04-21 12:34:03.696,2018-04-21 12:34:03.663
167,2018-03-21 17:07:56.000,com.sec.android.app.shealth,UTC-0300,2018-03-21 17:07:39.000,1.0,4d006cd4-63eb-b3ff-facb-0bb8d16e615a,2018-03-21 17:11:25.901,2018-03-21 17:11:25.884
168,2018-02-22 17:53:03.000,com.sec.android.app.shealth,UTC-0400,2018-02-22 17:52:46.000,1.0,4d715d2d-e177-2f7b-668d-227e5a5b4739,2018-02-22 17:55:22.683,2018-02-22 17:55:22.657
169,2018-02-16 08:17:00.000,com.sec.android.app.shealth,UTC-0400,2018-02-16 08:16:50.000,1.0,4d926af1-f951-d675-68f7-23d7c4fa795c,2018-02-16 08:17:01.459,2018-02-16 08:16:57.456
170,2018-03-31 08:52:48.000,com.sec.android.app.shealth,UTC-0300,2018-03-31 08:51:09.000,9.0,4e5685a6-289f-b0ae-add8-d003bafc8dca,2018-03-31 08:52:59.031,2018-03-31 08:52:58.852
171,2018-01-14 14:30:55.000,com.sec.android.app.shealth,UTC-0400,2018-01-14 14:30:38.000,1.0,4e879fe6-e949-58e4-b649-454324f7127e,2018-01-14 14:33:41.767,2018-01-14 14:33:41.766
172,2018-04-11 19:47:30.000,com.sec.android.app.shealth,UTC-0300,2018-04-11 19:47:17.000,1.0,4ff2ce9c-891b-e550-bea9-fd261183796b,2018-04-11 19:59:30.369,2018-04-11 19:59:30.369
173,2018-01-01 15:24:50.000,com.sec.android.app.shealth,UTC-0700,2018-01-01 15:24:21.000,1.0,5016d63e-e1d5-e43f-fd80-d980f769919e,2018-01-01 15:27:36.611,2018-01-01 15:27:36.594
174,2018-01-22 09:11:21.000,com.sec.android.app.shealth,UTC-0400,2018-01-22 09:10:58.000,1.0,5020bb34-ef60-3db8-7eb5-c40a8eba92a9,2018-01-22 09:11:23.332,2018-01-22 09:11:18.338
175,2018-01-16 17:39:23.000,com.sec.android.app.shealth,UTC-0400,2018-01-16 17:39:08.000,1.0,5052db15-0529-0e60-23a6-b5a798044a82,2018-01-16 17:41:53.019,2018-01-16 17:41:53.006
176,2018-03-05 17:42:03.000,com.sec.android.app.shealth,UTC-0400,2018-03-05 17:41:51.000,1.0,505c4f0d-4cdf-ba4f-6823-e85e47f0aa6a,2018-03-05 17:54:11.996,2018-03-05 17:54:11.974
177,2018-03-04 15:06:18.000,com.sec.android.app.shealth,UTC-0400,2018-03-04 15:06:12.000,1.0,5090b58e-e7fd-3b31-eecd-0a501779cd7b,2018-03-04 15:32:14.109,2018-03-04 15:32:14.106
178,2018-01-06 16:16:07.000,com.sec.android.app.shealth,UTC-0400,2018-01-06 16:15:36.000,1.0,50b90ff4-6aeb-8593-3b50-a265fee2000c,2018-01-06 16:21:27.793,2018-01-06 16:21:27.748
179,2018-02-28 08:47:17.000,com.sec.android.app.shealth,UTC-0400,2018-02-28 08:47:08.000,1.0,50d408ab-106a-86e9-75cc-73585263d13f,2018-02-28 08:59:00.689,2018-02-28 08:59:00.687
180,2018-03-19 18:31:09.000,com.sec.android.app.shealth,UTC-0300,2018-03-19 18:30:42.000,1.0,50ea0432-f78c-3d7f-fe9c-3828af242799,2018-03-19 18:33:40.025,2018-03-19 18:33:40.024
181,2018-02-14 20:06:21.000,com.sec.android.app.shealth,UTC-0400,2018-02-14 20:05:11.000,2.0,510f8b3e-f70d-bdbf-ca4e-5c0de0c1ba41,2018-02-14 20:09:52.991,2018-02-14 20:09:52.945
182,2018-01-16 18:45:50.000,com.sec.android.app.shealth,UTC-0400,2018-01-16 18:43:57.000,9.0,5202a0a2-c941-fb36-d971-9a3c695f7f0e,2018-01-16 18:45:51.887,2018-01-16 18:45:50.649
183,2018-04-08 15:07:32.000,com.sec.android.app.shealth,UTC-0300,2018-04-08 15:07:09.000,1.0,52687ceb-52b5-d087-052e-4b826bdadc27,2018-04-08 15:11:39.299,2018-04-08 15:11:39.278
184,2018-02-12 18:43:43.000,com.sec.android.app.shealth,UTC-0400,2018-02-12 18:41:56.000,9.0,52720200-7cd2-629c-c0a1-9b8231e123cf,2018-02-12 18:44:48.777,2018-02-12 18:44:48.581
185,2017-12-31 23:12:06.000,com.sec.android.app.shealth,UTC-0700,2017-12-31 23:11:27.000,2.0,52d9e03c-16ec-6327-0f1d-c2ee57e7dcf8,2017-12-31 23:16:44.764,2017-12-31 23:16:44.733
186,2017-12-31 13:47:34.000,com.sec.android.app.shealth,UTC-0700,2017-12-31 13:45:56.000,5.0,545dc718-cb69-661c-e55a-a9b4f04a49c0,2017-12-31 13:53:07.502,2017-12-31 13:53:07.418
187,2018-01-04 17:38:41.000,com.sec.android.app.shealth,UTC-0400,2018-01-04 17:38:20.000,1.0,549332da-ad7c-5f3c-7988-d56f3d406060,2018-01-04 17:42:37.094,2018-01-04 17:42:37.077
188,2017-12-25 14:43:02.000,com.sec.android.app.shealth,UTC-0700,2017-12-25 14:40:19.000,9.0,54e19e24-5d3a-001e-94bc-d553f6599a9d,2017-12-25 14:52:48.160,2017-12-25 14:41:42.320
189,2018-03-04 17:01:09.000,com.sec.android.app.shealth,UTC-0400,2018-03-04 17:00:35.000,1.0,557f755a-91ea-92e6-897f-89d7a7c9c4ed,2018-03-04 17:10:47.902,2018-03-04 17:10:47.890
190,2018-01-03 08:16:17.000,com.sec.android.app.shealth,UTC-0400,2018-01-03 08:14:50.000,3.0,56d75f9e-f8a9-b15d-6032-1e6a7fbf66fc,2018-01-03 08:19:45.034,2018-01-03 08:19:44.976
191,2017-12-25 13:05:44.000,com.sec.android.app.shealth,UTC-0700,2017-12-25 13:04:52.000,2.0,57455e6a-7457-d81f-a0a0-dc20677e27ae,2017-12-25 13:21:08.883,2017-12-25 13:21:08.869
192,2018-01-05 12:00:17.000,com.sec.android.app.shealth,UTC-0400,2018-01-05 11:59:55.000,1.0,5755e2e7-9a44-d943-a532-3d8587f4073c,2018-01-05 12:34:37.279,2018-01-05 12:34:37.257
193,2018-05-03 08:11:35.000,com.sec.android.app.shealth,UTC-0300,2018-05-03 08:11:04.000,1.0,57575f8b-9f43-e337-2a52-d3cf234a9f42,2018-05-03 08:18:51.079,2018-05-03 08:18:51.065
194,2018-02-18 21:27:17.000,com.sec.android.app.shealth,UTC-0400,2018-02-18 21:25:38.000,9.0,5878d07e-be1e-54fe-e379-bc75c5cc6c34,2018-02-18 21:27:23.733,2018-02-18 21:27:23.505
195,2018-05-03 08:13:26.000,com.sec.android.app.shealth,UTC-0300,2018-05-03 08:13:11.000,1.0,58b4f668-a33b-8a59-9fea-77b383d1a07f,2018-05-03 08:18:51.092,2018-05-03 08:18:51.091
196,2018-04-09 07:42:36.000,com.sec.android.app.shealth,UTC-0300,2018-04-09 07:42:16.000,1.0,598abed3-ec45-1f47-d028-9479900c1805,2018-04-09 07:42:36.382,2018-04-09 07:42:29.390
197,2018-01-24 17:34:17.000,com.sec.android.app.shealth,UTC-0400,2018-01-24 17:34:02.000,1.0,5a8376d5-8419-a022-24dc-3322e52c6535,2018-01-24 17:44:12.918,2018-01-24 17:44:12.900
198,2018-01-03 15:19:36.000,com.sec.android.app.shealth,UTC-0400,2018-01-03 15:18:22.000,2.0,5ac914ea-a22d-dc62-c4f5-e48b75562757,2018-01-03 15:24:47.027,2018-01-03 15:24:46.978
199,2018-01-10 20:15:06.000,com.sec.android.app.shealth,UTC-0400,2018-01-10 20:14:57.000,1.0,5bdd9177-3ec0-c41e-f498-0eb72f0dad53,2018-01-10 20:17:44.956,2018-01-10 20:17:44.951
200,2018-01-28 10:50:32.000,com.sec.android.app.shealth,UTC-0400,2018-01-28 10:50:19.000,1.0,5c6d3faf-5ceb-5e5c-d07e-0f4149940003,2018-01-28 10:52:32.092,2018-01-28 10:52:32.089
201,2017-12-18 08:16:28.000,com.sec.android.app.shealth,UTC-0400,2017-12-18 08:12:32.000,6.0,5cc29833-0332-15f2-4dc7-7f6b0df38b92,2017-12-18 08:16:30.590,2017-12-18 08:15:13.725
202,2018-01-10 20:16:49.000,com.sec.android.app.shealth,UTC-0400,2018-01-10 20:16:28.000,2.0,5d0a95f1-26b9-f556-e699-26f7c4d6ca2f,2018-01-10 20:17:44.985,2018-01-10 20:17:44.972
203,2018-03-27 09:15:41.000,com.sec.android.app.shealth,UTC-0300,2018-03-27 09:15:28.000,1.0,5d107a78-1ebf-6523-36c4-42106f068a84,2018-03-27 09:21:50.335,2018-03-27 09:21:50.334
204,2018-02-28 19:05:43.000,com.sec.android.app.shealth,UTC-0400,2018-02-28 19:05:17.000,1.0,5d162a1c-932e-df09-2a8b-c1709d2b50a8,2018-02-28 19:12:28.447,2018-02-28 19:12:28.426
205,2018-04-05 15:53:29.000,com.sec.android.app.shealth,UTC-0300,2018-04-05 15:53:04.000,1.0,5d3e6ec6-f0d2-f29a-9853-96bb5100d737,2018-04-05 15:53:51.807,2018-04-05 15:53:51.791
206,2018-02-16 09:15:57.000,com.sec.android.app.shealth,UTC-0400,2018-02-16 09:14:47.000,2.0,5e84accc-4b9d-d74b-c690-da8594cdffcb,2018-02-16 09:21:35.991,2018-02-16 09:15:01.388
207,2018-04-15 20:25:23.000,com.sec.android.app.shealth,UTC-0300,2018-04-15 20:25:10.000,1.0,5f2d1675-d762-7e37-51dd-f91e7b175ca4,2018-04-15 21:00:36.643,2018-04-15 21:00:36.642
208,2018-02-14 07:45:02.000,com.sec.android.app.shealth,UTC-0400,2018-02-14 07:44:35.000,1.0,5f53f5b3-f8e1-4d2c-91d2-f10d3b6cadac,2018-02-14 07:46:19.575,2018-02-14 07:46:19.574
209,2018-04-09 08:42:38.000,com.sec.android.app.shealth,UTC-0300,2018-04-09 08:42:19.000,1.0,5f6f4fd6-d90a-bc7c-614a-7662b4795f0f,2018-04-09 08:57:20.845,2018-04-09 08:57:20.830
210,2018-04-25 16:58:25.000,com.sec.android.app.shealth,UTC-0300,2018-04-25 16:58:10.000,1.0,5f9b2b08-4ce0-e022-a0f1-c3e7f886c312,2018-04-25 17:01:16.876,2018-04-25 17:01:16.864
211,2018-04-05 16:41:37.000,com.sec.android.app.shealth,UTC-0300,2018-04-05 16:41:28.000,1.0,5ff7da9b-3641-7935-271f-8f240097fd98,2018-04-05 16:44:48.214,2018-04-05 16:44:48.213
212,2018-03-16 11:54:56.000,com.sec.android.app.shealth,UTC-0300,2018-03-16 11:54:39.000,1.0,6015e37b-c213-0125-1957-8a3cc91ba6db,2018-03-16 12:42:14.696,2018-03-16 12:42:14.694
213,2018-03-05 08:37:03.000,com.sec.android.app.shealth,UTC-0400,2018-03-05 08:36:46.000,1.0,602cc1bb-d584-400a-07f5-c06c8237b794,2018-03-05 08:42:57.937,2018-03-05 08:42:57.906
214,2018-04-10 12:17:22.000,com.sec.android.app.shealth,UTC-0300,2018-04-10 12:17:06.000,1.0,604145ba-ea81-dcd8-d08a-3660f2964f00,2018-04-10 13:14:00.874,2018-04-10 13:14:00.873
215,2018-01-06 15:41:07.000,com.sec.android.app.shealth,UTC-0400,2018-01-06 15:40:41.000,2.0,60464f2c-2d68-37c0-6adb-ca882ca5ce6b,2018-01-06 15:48:56.320,2018-01-06 15:48:56.308
216,2018-04-18 19:59:28.000,com.sec.android.app.shealth,UTC-0300,2018-04-18 19:57:40.000,9.0,622af837-7c99-ec93-f0e0-ddb37ab9268f,2018-04-18 20:15:43.153,2018-04-18 20:15:42.911
217,2018-03-08 18:29:30.000,com.sec.android.app.shealth,UTC-0400,2018-03-08 18:28:35.000,2.0,632a1e2f-017b-ceb2-168d-fca07a12b79e,2018-03-08 18:34:22.116,2018-03-08 18:34:22.099
218,2018-03-25 17:43:37.000,com.sec.android.app.shealth,UTC-0300,2018-03-25 17:43:30.000,1.0,633cf7e9-0a0f-9e69-dcc6-7c225cce0d3f,2018-03-25 17:48:40.060,2018-03-25 17:48:40.059
219,2018-03-02 18:42:36.000,com.sec.android.app.shealth,UTC-0400,2018-03-02 18:42:15.000,1.0,6346e2c5-1e3d-5e33-b2b6-24175bd388ef,2018-03-02 18:43:28.481,2018-03-02 18:43:28.480
220,2018-01-31 21:02:36.000,com.sec.android.app.shealth,UTC-0400,2018-01-31 21:00:29.000,3.0,65fd8a22-7dd3-04bc-66c2-9763c3b59509,2018-01-31 21:07:26.574,2018-01-31 21:07:26.529
221,2018-03-21 20:59:33.000,com.sec.android.app.shealth,UTC-0300,2018-03-21 20:58:20.000,2.0,66669cc0-e2ef-7136-4b85-49509ce6a7ad,2018-03-21 21:58:08.677,2018-03-21 21:58:08.632
222,2018-02-16 19:47:04.000,com.sec.android.app.shealth,UTC-0400,2018-02-16 19:46:47.000,1.0,66bc8069-f759-98cb-b729-4b932909ab9d,2018-02-16 20:17:15.751,2018-02-16 20:17:15.724
223,2018-02-15 14:52:10.000,com.sec.android.app.shealth,UTC-0400,2018-02-15 14:51:52.000,1.0,68790c08-1a4c-9dd5-86c4-ab4aa958a9f9,2018-02-15 14:53:49.844,2018-02-15 14:53:49.843
224,2018-04-11 20:56:53.000,com.sec.android.app.shealth,UTC-0300,2018-04-11 20:56:40.000,1.0,68c4583e-0027-32bf-a873-308243517148,2018-04-11 20:57:50.061,2018-04-11 20:57:50.052
225,2018-04-10 16:43:56.000,com.sec.android.app.shealth,UTC-0300,2018-04-10 16:42:11.000,8.0,68c96752-c587-21ba-52d5-cea074595768,2018-04-10 16:44:19.950,2018-04-10 16:44:19.813
226,2018-03-23 08:47:52.000,com.sec.android.app.shealth,UTC-0300,2018-03-23 08:47:27.000,1.0,697dfdc3-41e0-6a95-f56e-301a619a0bac,2018-03-23 08:51:48.785,2018-03-23 08:51:48.752
227,2018-03-12 15:49:31.000,com.sec.android.app.shealth,UTC-0300,2018-03-12 15:49:10.000,1.0,6a406af3-2d02-b74e-80fd-20dc75e7048c,2018-03-12 15:54:28.895,2018-03-12 15:54:28.866
228,2018-04-26 07:43:28.000,com.sec.android.app.shealth,UTC-0300,2018-04-26 07:43:04.000,1.0,6a5ada79-5d3c-3164-dd1f-de81519f7cbb,2018-04-26 07:45:15.725,2018-04-26 07:45:15.720
229,2018-04-26 08:46:05.000,com.sec.android.app.shealth,UTC-0300,2018-04-26 08:45:59.000,1.0,6a7d13ab-5c4c-0ded-fee7-c0b2b3e0802b,2018-04-26 08:48:22.161,2018-04-26 08:48:22.160
230,2018-03-19 17:30:48.000,com.sec.android.app.shealth,UTC-0300,2018-03-19 17:30:26.000,1.0,6ad95331-68c4-a3bd-c425-e1da9d3e7150,2018-03-19 17:35:10.823,2018-03-19 17:35:10.809
231,2018-01-06 17:08:54.000,com.sec.android.app.shealth,UTC-0400,2018-01-06 17:07:12.000,9.0,6c8c7a50-97b5-191d-79f7-e117bfc9c2c1,2018-01-06 17:10:25.058,2018-01-06 17:10:24.899
232,2018-03-12 17:53:38.000,com.sec.android.app.shealth,UTC-0300,2018-03-12 17:53:19.000,1.0,6cc16c8c-7e49-1c8c-4ca6-28ee1937cbb5,2018-03-12 17:53:43.796,2018-03-12 17:53:43.782
233,2018-03-19 07:47:47.000,com.sec.android.app.shealth,UTC-0300,2018-03-19 07:44:54.000,5.0,6ddaf3e1-993c-6234-7fce-840f4e423eea,2018-03-19 07:50:30.708,2018-03-19 07:50:30.611
234,2018-04-19 19:26:31.000,com.sec.android.app.shealth,UTC-0300,2018-04-19 19:26:19.000,1.0,6e360c04-2c53-1c55-2770-e98a7add1db7,2018-04-19 19:28:19.136,2018-04-19 19:28:19.135
235,2017-12-27 23:36:27.000,com.sec.android.app.shealth,UTC-0700,2017-12-27 23:36:11.000,1.0,6ee1b2d2-a256-bf0a-77ec-4e98504cee54,2017-12-27 23:41:40.037,2017-12-27 23:41:40.036
236,2017-12-31 13:53:06.000,com.sec.android.app.shealth,UTC-0700,2017-12-31 13:52:30.000,2.0,6ee7ac39-6ce9-e282-5afe-8820b23a219d,2017-12-31 13:53:07.552,2017-12-31 13:53:07.517
237,2018-04-09 07:40:15.000,com.sec.android.app.shealth,UTC-0300,2018-04-09 07:39:46.000,1.0,6f2edc08-2694-6cdc-5acc-88d9607bcb96,2018-04-09 07:41:28.669,2018-04-09 07:41:28.667
238,2018-05-01 18:07:47.000,com.sec.android.app.shealth,UTC-0300,2018-05-01 18:06:31.000,2.0,6f35abd9-6582-6711-e85c-1ff150f81328,2018-05-01 18:17:21.689,2018-05-01 18:17:21.657
239,2018-01-03 08:17:56.000,com.sec.android.app.shealth,UTC-0400,2018-01-03 08:17:42.000,1.0,6fc50317-3002-cf92-e874-a3c3bc0ea5f6,2018-01-03 08:19:45.069,2018-01-03 08:19:45.049
240,2018-02-21 20:58:19.000,com.sec.android.app.shealth,UTC-0400,2018-02-21 20:57:53.000,1.0,719c9317-c428-bf1b-e5d3-07b991f6c1ff,2018-02-21 21:08:26.927,2018-02-21 21:08:26.926
241,2018-03-16 09:00:32.000,com.sec.android.app.shealth,UTC-0300,2018-03-16 08:59:19.000,2.0,7234806c-ed6d-6d0e-8bc9-5f1b879acfcf,2018-03-16 09:06:04.254,2018-03-16 09:06:04.239
242,2018-03-14 20:54:49.000,com.sec.android.app.shealth,UTC-0300,2018-03-14 20:54:34.000,1.0,728dcb02-ca09-7ebe-1570-55611cea83cd,2018-03-14 20:55:05.743,2018-03-14 20:55:05.743
243,2018-02-25 01:12:01.000,com.sec.android.app.shealth,UTC-0400,2018-02-25 01:11:40.000,1.0,7385550b-a863-acfc-3fdb-92c5149d75f3,2018-02-25 01:13:29.050,2018-02-25 01:13:29.040
244,2018-02-14 20:59:13.000,com.sec.android.app.shealth,UTC-0400,2018-02-14 20:58:20.000,2.0,73e12091-542a-38bd-eebe-b316772acdbc,2018-02-14 21:07:24.915,2018-02-14 21:07:24.899
245,2018-03-14 17:13:59.000,com.sec.android.app.shealth,UTC-0300,2018-03-14 17:13:37.000,2.0,74989f0b-b197-78b3-55ea-929d690ec0c2,2018-03-14 17:22:13.692,2018-03-14 17:22:13.664
246,2018-02-21 08:17:25.000,com.sec.android.app.shealth,UTC-0400,2018-02-21 08:17:07.000,2.0,7505fa9c-06e9-6728-d9fc-6934703a9a0a,2018-02-21 08:18:38.557,2018-02-21 08:18:38.535
247,2018-01-31 17:21:29.000,com.sec.android.app.shealth,UTC-0400,2018-01-31 17:20:01.000,2.0,7533ddbe-74af-e98a-fc6e-ca56fed81fce,2018-01-31 17:22:02.419,2018-01-31 17:22:02.366
248,2018-04-26 08:39:06.000,com.sec.android.app.shealth,UTC-0300,2018-04-26 08:38:47.000,1.0,757abddf-d8a0-585a-f65f-7e4de9519a6f,2018-04-26 08:44:38.118,2018-04-26 08:44:38.095
249,2017-12-18 09:20:51.000,com.sec.android.app.shealth,UTC-0400,2017-12-18 09:20:30.000,1.0,759741f0-e2bc-8532-4c01-8e2f9f92ff2d,2017-12-18 09:23:53.896,2017-12-18 09:23:53.896
250,2018-02-13 18:07:20.000,com.sec.android.app.shealth,UTC-0400,2018-02-13 18:07:02.000,1.0,763baefb-a0a2-8a64-c93e-e2ce24bd5726,2018-02-13 18:15:28.788,2018-02-13 18:15:28.777
251,2018-01-03 15:21:55.000,com.sec.android.app.shealth,UTC-0400,2018-01-03 15:21:23.000,1.0,76935e28-5ae5-696f-7bf7-bd677fc9ffe6,2018-01-03 15:24:47.063,2018-01-03 15:24:47.049
252,2018-04-04 12:49:18.000,com.sec.android.app.shealth,UTC-0300,2018-04-04 12:49:03.000,1.0,77a64646-023d-8f5a-132f-835baec5bbe9,2018-04-04 13:24:48.639,2018-04-04 13:24:48.623
253,2018-01-05 19:45:43.000,com.sec.android.app.shealth,UTC-0400,2018-01-05 19:43:59.000,8.0,77ca1fb8-f2e6-3c6e-a582-b5763db04ae6,2018-01-05 19:46:28.379,2018-01-05 19:45:14.690
254,2018-02-21 07:44:59.000,com.sec.android.app.shealth,UTC-0400,2018-02-21 07:44:42.000,1.0,781637e4-2527-86e8-db66-15b241ac11bc,2018-02-21 07:46:47.076,2018-02-21 07:46:47.057
255,2017-12-25 14:22:27.000,com.sec.android.app.shealth,UTC-0700,2017-12-25 14:20:03.000,9.0,78c5cea6-bcbf-217d-7aab-6fcb0577eeed,2017-12-25 14:26:29.905,2017-12-25 14:21:10.887
256,2018-01-19 15:49:12.000,com.sec.android.app.shealth,UTC-0400,2018-01-19 15:49:00.000,1.0,794b8fd3-a814-8383-b361-59c987d1b8c5,2018-01-19 15:52:47.767,2018-01-19 15:52:47.767
257,2017-12-25 14:30:35.000,com.sec.android.app.shealth,UTC-0700,2017-12-25 14:27:21.000,9.0,79b86e59-ab6c-fcd9-d11f-a6aad852c631,2017-12-25 14:31:21.811,2017-12-25 14:27:43.605
258,2017-12-25 15:32:05.000,com.sec.android.app.shealth,UTC-0700,2017-12-25 15:27:33.000,9.0,79c37e8d-bcc1-5960-3038-203a790aec9a,2017-12-25 15:32:06.748,2017-12-25 15:28:45.777
259,2018-03-14 08:15:36.000,com.sec.android.app.shealth,UTC-0300,2018-03-14 08:15:18.000,1.0,79fd948c-d43b-2ec8-12bb-2157c9f84149,2018-03-14 08:17:27.684,2018-03-14 08:17:27.640
260,2018-04-17 21:03:36.000,com.sec.android.app.shealth,UTC-0300,2018-04-17 21:01:17.000,3.0,7a329b3a-2595-d0f4-f5b2-c1cc4412dfe1,2018-04-17 22:22:56.692,2018-04-17 22:22:56.660
261,2017-12-23 11:37:41.000,com.sec.android.app.shealth,UTC-0700,2017-12-23 11:37:23.000,1.0,7aa74734-2e8c-ee55-9f11-8273f9b5d3d1,2017-12-23 11:49:03.717,2017-12-23 11:37:39.718
262,2018-03-28 21:00:50.000,com.sec.android.app.shealth,UTC-0300,2018-03-28 20:59:56.000,2.0,7b238271-83a3-6571-abe8-af645c7f4780,2018-03-28 21:08:09.687,2018-03-28 21:08:09.671
263,2018-03-05 07:44:41.000,com.sec.android.app.shealth,UTC-0400,2018-03-05 07:43:18.000,2.0,7b5f4742-e3b4-14ac-5e69-72d0a6253585,2018-03-05 07:48:14.719,2018-03-05 07:48:14.667
264,2018-01-14 13:42:40.000,com.sec.android.app.shealth,UTC-0400,2018-01-14 13:42:17.000,1.0,7bebd15e-309c-03f8-86d7-0b49521088be,2018-01-14 13:43:02.937,2018-01-14 13:43:02.920
265,2018-01-11 17:06:16.000,com.sec.android.app.shealth,UTC-0400,2018-01-11 17:05:52.000,1.0,7c5e6d5e-d569-ea4a-e0b4-21283da0fe48,2018-01-11 17:10:12.789,2018-01-11 17:10:12.776
266,2018-02-14 08:39:22.000,com.sec.android.app.shealth,UTC-0400,2018-02-14 08:39:12.000,1.0,7ce83c68-d84d-17f1-389d-0f662395427e,2018-02-14 08:54:32.247,2018-02-14 08:54:32.245
267,2018-04-10 16:38:09.000,com.sec.android.app.shealth,UTC-0300,2018-04-10 16:36:36.000,2.0,7d2ed5d5-b91b-0d1f-e830-96acc1a91e00,2018-04-10 16:44:19.799,2018-04-10 16:44:19.785
268,2017-12-17 17:48:36.000,com.sec.android.app.shealth,UTC-0400,2017-12-17 17:46:26.000,9.0,7e24a616-4f11-3553-a797-5cb6bb302e0d,2017-12-17 17:50:31.878,2017-12-17 17:47:23.443
269,2018-01-29 09:07:17.000,com.sec.android.app.shealth,UTC-0400,2018-01-29 09:06:39.000,3.0,7f199cab-33a5-07ab-826e-ed94042bb145,2018-01-29 09:09:34.839,2018-01-29 09:06:48.383
270,2018-02-16 20:04:40.000,com.sec.android.app.shealth,UTC-0400,2018-02-16 20:04:17.000,1.0,7f58c827-2fbc-67b4-b7b8-0fc659693e80,2018-02-16 20:17:15.793,2018-02-16 20:17:15.780
271,2018-04-17 08:04:50.000,com.sec.android.app.shealth,UTC-0300,2018-04-17 08:04:34.000,1.0,7f7e2f9e-6aaf-adff-0eda-1a97baaf9904,2018-04-17 08:09:02.649,2018-04-17 08:09:02.632
272,2017-12-25 14:36:36.000,com.sec.android.app.shealth,UTC-0700,2017-12-25 14:33:16.000,11.0,8065417a-4847-7f48-987d-19507e0d9170,2017-12-25 14:41:42.311,2017-12-25 14:41:42.184
273,2018-04-02 16:31:48.000,com.sec.android.app.shealth,UTC-0300,2018-04-02 16:31:36.000,1.0,8105067d-16e0-4bee-466b-4ff41d570639,2018-04-02 16:33:34.011,2018-04-02 16:33:34.011
274,2017-12-24 11:50:37.000,com.sec.android.app.shealth,UTC-0700,2017-12-24 11:50:15.000,2.0,825c9149-f192-ee16-f8e7-58e55a433999,2017-12-24 12:13:34.065,2017-12-24 12:13:34.010
275,2018-01-24 07:48:45.000,com.sec.android.app.shealth,UTC-0400,2018-01-24 07:46:42.000,4.0,82932849-db3a-abc2-0129-6da31a8099f9,2018-01-24 07:50:52.818,2018-01-24 07:50:52.744
276,2018-01-24 07:50:03.000,com.sec.android.app.shealth,UTC-0400,2018-01-24 07:49:45.000,1.0,8413683b-dca2-7dc5-f10e-266459610dbf,2018-01-24 07:50:52.848,2018-01-24 07:50:52.829
277,2018-03-21 21:01:17.000,com.sec.android.app.shealth,UTC-0300,2018-03-21 21:01:00.000,1.0,850f36b6-5fcb-b0c7-c32b-15cfab1d92f1,2018-03-21 21:58:08.711,2018-03-21 21:58:08.697
278,2018-02-07 08:06:09.000,com.sec.android.app.shealth,UTC-0400,2018-02-07 08:05:19.000,2.0,8541a83b-ceda-51fc-8f99-8939f512a94e,2018-02-07 08:06:36.978,2018-02-07 08:06:36.930
279,2018-04-16 16:28:19.000,com.sec.android.app.shealth,UTC-0300,2018-04-16 16:28:01.000,1.0,87618235-a4ee-b22a-a062-0c53d7f91692,2018-04-16 16:57:01.977,2018-04-16 16:57:01.953
280,2018-03-02 17:18:12.000,com.sec.android.app.shealth,UTC-0400,2018-03-02 17:17:56.000,1.0,879c352c-ac28-f69a-4634-67d09429e688,2018-03-02 17:40:09.023,2018-03-02 17:40:09.022
281,2018-04-16 08:44:59.000,com.sec.android.app.shealth,UTC-0300,2018-04-16 08:44:19.000,2.0,87b95cf4-3a6b-bdce-e986-b3c6b285322f,2018-04-16 08:52:12.726,2018-04-16 08:52:12.687
282,2018-01-20 12:07:01.000,com.sec.android.app.shealth,UTC-0400,2018-01-20 12:06:43.000,1.0,88b7f26d-11d0-49bc-6255-3b8954437ab3,2018-01-20 12:13:51.079,2018-01-20 12:13:51.069
283,2018-04-16 17:13:53.000,com.sec.android.app.shealth,UTC-0300,2018-04-16 17:13:21.000,2.0,89d2b774-c321-c158-aeb5-70fd07e25037,2018-04-16 17:13:54.330,2018-04-16 17:13:49.664
284,2018-04-04 07:46:30.000,com.sec.android.app.shealth,UTC-0300,2018-04-04 07:46:15.000,2.0,8a421512-9205-406f-8477-347520e5e610,2018-04-04 07:55:56.851,2018-04-04 07:55:56.823
285,2018-04-09 08:52:57.000,com.sec.android.app.shealth,UTC-0300,2018-04-09 08:52:36.000,1.0,8ab2b8c0-aada-c5cb-87d5-f4b89ea8f47e,2018-04-09 08:57:20.860,2018-04-09 08:57:20.859
286,2018-05-02 17:53:24.000,com.sec.android.app.shealth,UTC-0300,2018-05-02 17:52:59.000,1.0,8adf6f2f-0f9a-0ca6-9c9c-3c18944deb3d,2018-05-02 18:08:31.935,2018-05-02 18:08:31.917
287,2018-03-07 21:02:41.000,com.sec.android.app.shealth,UTC-0400,2018-03-07 21:01:34.000,2.0,8c16ecba-8471-7873-af7b-fa2b1c46e7a0,2018-03-07 21:08:34.743,2018-03-07 21:08:34.717
288,2018-03-07 17:16:27.000,com.sec.android.app.shealth,UTC-0400,2018-03-07 17:16:12.000,1.0,8c2dcc06-b560-b07e-f4a1-432d73fc91c9,2018-03-07 17:21:34.981,2018-03-07 17:21:34.969
289,2018-01-02 15:34:49.000,com.sec.android.app.shealth,UTC-0400,2018-01-02 15:34:37.000,1.0,8cd6fd68-924d-137b-cf2c-2cbd7047508e,2018-01-02 16:06:36.708,2018-01-02 16:06:36.708
290,2018-04-19 08:00:35.000,com.sec.android.app.shealth,UTC-0300,2018-04-19 08:00:05.000,1.0,8d7a7464-e6e5-03e2-e277-fba5667dca07,2018-04-19 08:02:45.965,2018-04-19 08:02:45.941
291,2018-05-02 17:36:41.000,com.sec.android.app.shealth,UTC-0300,2018-05-02 17:36:27.000,1.0,8d8bf834-5a5f-07a1-c69c-f16069f093b5,2018-05-02 18:08:31.904,2018-05-02 18:08:31.891
292,2018-04-07 08:30:57.000,com.sec.android.app.shealth,UTC-0300,2018-04-07 08:29:36.000,8.0,8d9f3ee9-9f15-4073-c87f-b3401677b1e0,2018-04-07 08:31:02.489,2018-04-07 08:31:02.354
293,2017-12-20 05:09:41.000,com.sec.android.app.shealth,UTC-0400,2017-12-20 05:09:26.000,2.0,8dbb2249-051d-7a21-979d-97c2c04263aa,2017-12-20 05:09:50.822,2017-12-20 05:09:50.802
294,2018-03-28 17:12:33.000,com.sec.android.app.shealth,UTC-0300,2018-03-28 17:12:27.000,1.0,8dce6332-f585-1fc1-4845-f28f525f15fa,2018-03-28 17:23:24.095,2018-03-28 17:23:24.094
295,2018-04-17 08:02:59.000,com.sec.android.app.shealth,UTC-0300,2018-04-17 08:01:38.000,2.0,8eefbdac-9a87-ed7b-a5df-47b6b5aeea77,2018-04-17 08:03:00.188,2018-04-17 08:02:53.599
296,2018-02-07 21:02:53.000,com.sec.android.app.shealth,UTC-0400,2018-02-07 21:00:56.000,3.0,8f2baaa5-d6a7-b051-f16d-2c81ae48bbf6,2018-02-07 21:07:27.681,2018-02-07 21:01:52.106
297,2018-01-03 10:55:26.000,com.sec.android.app.shealth,UTC-0400,2018-01-03 10:55:19.000,1.0,8f457fbd-d79b-7c0c-196f-070cd202a55d,2018-01-03 11:14:53.939,2018-01-03 11:14:53.918
298,2018-01-19 08:56:03.000,com.sec.android.app.shealth,UTC-0400,2018-01-19 08:55:41.000,1.0,8f5f0f57-c89c-b29e-167d-50d027120719,2018-01-19 08:58:18.959,2018-01-19 08:58:18.959
299,2018-02-14 07:47:25.000,com.sec.android.app.shealth,UTC-0400,2018-02-14 07:46:23.000,2.0,90a61ee6-a638-9658-e4c4-c409c3ead986,2018-02-14 07:49:35.993,2018-02-14 07:49:35.965
300,2018-04-07 10:01:16.000,com.sec.android.app.shealth,UTC-0300,2018-04-07 10:01:06.000,1.0,91f136a6-b503-5eb5-6eb8-d71ea6bd9e2e,2018-04-07 10:01:58.515,2018-04-07 10:01:58.515
301,2018-01-18 08:07:31.000,com.sec.android.app.shealth,UTC-0400,2018-01-18 08:06:11.000,2.0,91f8fe7f-ea9f-19df-1fa9-f4f8e4eacd0f,2018-01-18 08:07:35.741,2018-01-18 08:07:35.681
302,2017-12-25 15:42:30.000,com.sec.android.app.shealth,UTC-0700,2017-12-25 15:36:58.000,11.0,921aa11d-7d24-15a1-205f-e244d4b260e2,2017-12-25 15:42:43.849,2017-12-25 15:37:45.804
303,2018-01-19 08:11:13.000,com.sec.android.app.shealth,UTC-0400,2018-01-19 08:10:55.000,1.0,9249783d-aef2-0526-458c-16cd93c037ca,2018-01-19 08:14:50.891,2018-01-19 08:14:50.876
304,2017-12-28 13:22:51.000,com.sec.android.app.shealth,UTC-0700,2017-12-28 13:22:30.000,1.0,925a62ae-205d-cc51-e74c-2cf99986ead3,2017-12-28 13:22:52.457,2017-12-28 13:22:46.507
305,2018-03-25 17:53:23.000,com.sec.android.app.shealth,UTC-0300,2018-03-25 17:53:13.000,1.0,92a94df2-7ab2-4744-55ed-9e563d3a3cfd,2018-03-25 17:55:46.789,2018-03-25 17:55:46.789
306,2017-12-20 14:18:03.000,com.sec.android.app.shealth,UTC-0700,2017-12-20 14:17:44.000,1.0,93854395-3815-e16c-1222-5cd0db00a4e1,2017-12-20 14:18:21.552,2017-12-20 14:18:21.543
307,2018-01-10 14:07:39.000,com.sec.android.app.shealth,UTC-0400,2018-01-10 14:05:14.000,11.0,94c7d284-3bd2-edd9-d9de-289b822a5abb,2018-01-10 14:08:30.821,2018-01-10 14:07:02.089
308,2018-01-24 08:49:53.000,com.sec.android.app.shealth,UTC-0400,2018-01-24 08:49:39.000,1.0,962e30dd-631e-48c9-3b4d-e689233b0ae6,2018-01-24 08:50:41.136,2018-01-24 08:50:41.117
309,2018-01-29 18:36:14.000,com.sec.android.app.shealth,UTC-0400,2018-01-29 18:34:16.000,9.0,96ff561f-d871-e208-bde1-9df1d3efdcab,2018-01-29 18:36:42.741,2018-01-29 18:36:42.594
310,2017-12-18 16:39:22.000,com.sec.android.app.shealth,UTC-0400,2017-12-18 16:38:49.000,1.0,97c2c2a5-2a9c-92b7-0414-78e0b2a417f9,2017-12-18 16:42:15.672,2017-12-18 16:39:12.548
311,2017-12-27 14:46:36.000,com.sec.android.app.shealth,UTC-0700,2017-12-27 14:46:15.000,1.0,9a63d08b-95ef-e4a7-916d-d91f726dd106,2017-12-27 15:05:19.088,2017-12-27 15:05:19.066
312,2018-01-08 09:12:06.000,com.sec.android.app.shealth,UTC-0400,2018-01-08 09:12:00.000,1.0,9a75754a-dbdb-df4a-009f-fb0a01145c7c,2018-01-08 09:18:35.812,2018-01-08 09:18:35.811
313,2018-04-23 11:03:01.000,com.sec.android.app.shealth,UTC-0300,2018-04-23 11:02:54.000,1.0,9b06e1a4-0835-905d-c8f5-a85a13e353eb,2018-04-23 11:04:15.022,2018-04-23 11:04:15.013
314,2018-01-11 21:44:28.000,com.sec.android.app.shealth,UTC-0400,2018-01-11 21:44:17.000,1.0,9b2a8012-108f-7351-4359-8cf619826435,2018-01-11 21:45:25.777,2018-01-11 21:45:25.777
315,2017-12-23 12:23:06.000,com.sec.android.app.shealth,UTC-0700,2017-12-23 12:22:46.000,1.0,9b6d50e7-d8cf-35ea-0263-2e3f4b25f1f2,2017-12-23 12:23:40.607,2017-12-23 12:23:04.779
316,2018-01-29 06:59:50.000,com.sec.android.app.shealth,UTC-0400,2018-01-29 06:59:30.000,1.0,9ba886f6-7f41-939e-1dc9-a2bf8c9df8b2,2018-01-29 07:00:27.753,2018-01-29 07:00:27.734
317,2018-02-28 08:01:26.000,com.sec.android.app.shealth,UTC-0400,2018-02-28 07:59:58.000,2.0,9c3cf0c8-a32c-cf96-44c8-71f736f03407,2018-02-28 08:02:06.378,2018-02-28 08:02:06.358
318,2017-12-18 15:47:56.000,com.sec.android.app.shealth,UTC-0400,2017-12-18 15:46:31.000,2.0,9cab0653-e4a2-4498-ae8e-32111c100127,2017-12-18 15:49:37.754,2017-12-18 15:49:37.720
319,2018-03-19 08:46:22.000,com.sec.android.app.shealth,UTC-0300,2018-03-19 08:45:57.000,1.0,9cd78ab0-0748-98df-39b0-27c04442e3d9,2018-03-19 08:50:58.073,2018-03-19 08:50:58.056
320,2018-01-24 21:32:48.000,com.sec.android.app.shealth,UTC-0400,2018-01-24 21:32:09.000,1.0,9cd8e971-ed55-96f2-9ae1-01ca24360f8d,2018-01-24 21:34:47.777,2018-01-24 21:34:47.767
321,2018-02-26 07:51:02.000,com.sec.android.app.shealth,UTC-0400,2018-02-26 07:49:36.000,2.0,9d031cf6-a7c5-e849-0ece-467856c0b1d1,2018-02-26 07:54:37.800,2018-02-26 07:54:37.771
322,2018-01-22 15:48:34.000,com.sec.android.app.shealth,UTC-0400,2018-01-22 15:46:59.000,2.0,9d1ec890-78db-eeb9-d0c6-c397529ed0d6,2018-01-22 15:52:59.350,2018-01-22 15:52:58.855
323,2018-04-26 19:03:13.000,com.sec.android.app.shealth,UTC-0300,2018-04-26 19:02:45.000,1.0,9d592d6f-cd60-dd1c-2aed-964fbd7f43f1,2018-04-26 19:10:57.723,2018-04-26 19:10:57.722
324,2017-12-31 13:38:30.000,com.sec.android.app.shealth,UTC-0700,2017-12-31 13:38:07.000,1.0,9f215a4f-97ed-5121-5398-4b670acef963,2017-12-31 13:39:54.759,2017-12-31 13:39:54.748
325,2017-12-23 12:20:56.000,com.sec.android.app.shealth,UTC-0700,2017-12-23 12:20:40.000,1.0,9f61b9f8-52c3-5ae7-f6ae-be32dad8026c,2017-12-23 12:22:55.814,2017-12-23 12:22:55.813
326,2018-02-05 18:49:27.000,com.sec.android.app.shealth,UTC-0400,2018-02-05 18:47:35.000,9.0,9fa4c987-b714-7a67-e006-17f9ddd72236,2018-02-05 18:49:28.369,2018-02-05 18:49:28.287
327,2017-12-24 12:06:01.000,com.sec.android.app.shealth,UTC-0700,2017-12-24 12:05:55.000,1.0,9fb36f01-d538-27c2-bcce-1bf83bf8fcc6,2017-12-24 12:13:34.123,2017-12-24 12:13:34.122
328,2018-04-04 17:22:44.000,com.sec.android.app.shealth,UTC-0300,2018-04-04 17:22:29.000,1.0,a04b8a24-0223-b733-b14a-75ed0b0335dd,2018-04-04 17:29:13.026,2018-04-04 17:29:13.007
329,2018-01-03 20:40:57.000,com.sec.android.app.shealth,UTC-0400,2018-01-03 20:39:03.000,6.0,a1126869-683f-0c9c-27c0-6f0d40b89702,2018-01-03 20:40:57.540,2018-01-03 20:40:52.377
330,2018-02-28 19:09:46.000,com.sec.android.app.shealth,UTC-0400,2018-02-28 19:08:18.000,7.0,a12c80b8-fc57-f3f4-01d2-5a329513bac4,2018-02-28 19:12:28.562,2018-02-28 19:12:28.467
331,2017-12-29 15:41:01.000,com.sec.android.app.shealth,UTC-0700,2017-12-29 15:40:46.000,1.0,a24ae368-0e94-86db-00b1-fcfac2a94c92,2017-12-29 15:42:33.619,2017-12-29 15:42:33.603
332,2018-04-03 10:53:04.000,com.sec.android.app.shealth,UTC-0300,2018-04-03 10:51:02.000,9.0,a28d40db-9776-b68b-e1cc-0ce5a2a61974,2018-04-03 11:12:11.058,2018-04-03 11:12:10.905
333,2018-03-16 17:15:41.000,com.sec.android.app.shealth,UTC-0300,2018-03-16 17:15:30.000,1.0,a2b3ef95-60cb-1e6b-ebd6-91f80e4b279c,2018-03-16 17:22:41.025,2018-03-16 17:22:41.006
334,2018-01-03 16:07:53.000,com.sec.android.app.shealth,UTC-0400,2018-01-03 16:06:00.000,3.0,a2cbab94-698d-3b73-12a8-f20c52b2a383,2018-01-03 16:14:40.765,2018-01-03 16:14:40.736
335,2018-04-30 19:37:47.000,com.sec.android.app.shealth,UTC-0300,2018-04-30 19:35:59.000,9.0,a3724fd3-3520-dc7e-f484-8312e46ab281,2018-04-30 19:38:06.950,2018-04-30 19:36:12.460
336,2018-01-06 15:58:53.000,com.sec.android.app.shealth,UTC-0400,2018-01-06 15:58:17.000,2.0,a41203f3-0652-d5a5-8437-8c44184322c8,2018-01-06 16:09:54.204,2018-01-06 16:09:54.180
337,2018-03-14 09:08:57.000,com.sec.android.app.shealth,UTC-0300,2018-03-14 09:08:43.000,2.0,a491bb36-7b0f-99e7-a680-abd40fa1e440,2018-03-14 09:14:12.836,2018-03-14 09:14:12.820
338,2017-12-23 12:07:02.000,com.sec.android.app.shealth,UTC-0700,2017-12-23 12:06:33.000,1.0,a49d7cd4-3f7e-2dbf-6c84-ae020752e203,2017-12-23 12:22:55.798,2017-12-23 12:22:55.797
339,2018-04-02 15:40:49.000,com.sec.android.app.shealth,UTC-0300,2018-04-02 15:39:35.000,2.0,a50fa56c-e0c5-7d08-fb71-66c6a709fe0c,2018-04-02 15:42:20.098,2018-04-02 15:42:20.035
340,2018-01-19 15:40:54.000,com.sec.android.app.shealth,UTC-0400,2018-01-19 15:39:39.000,2.0,a511c6b5-c298-94d5-61ac-2311c64c786a,2018-01-19 15:46:33.994,2018-01-19 15:46:33.939
341,2018-03-28 14:54:10.000,com.sec.android.app.shealth,UTC-0300,2018-03-28 14:52:11.000,7.0,a5d652ed-0c70-106f-1094-e6fd5fac4e03,2018-03-28 14:54:25.574,2018-03-28 14:53:55.839
342,2018-04-11 21:01:28.000,com.sec.android.app.shealth,UTC-0300,2018-04-11 21:00:34.000,2.0,a6079729-ef0e-562a-ec50-03b32a9939c3,2018-04-11 22:01:06.032,2018-04-11 22:01:06.013
343,2018-01-20 16:37:03.000,com.sec.android.app.shealth,UTC-0400,2018-01-20 16:36:37.000,1.0,a661f4e3-855c-e7de-cfc7-f14bf4b9f996,2018-01-20 16:56:24.609,2018-01-20 16:56:24.609
344,2018-04-17 20:05:29.000,com.sec.android.app.shealth,UTC-0300,2018-04-17 20:05:11.000,1.0,a6978e75-d0cf-bb25-d306-30076b39881d,2018-04-17 20:10:10.985,2018-04-17 20:10:10.971
345,2018-01-11 09:13:42.000,com.sec.android.app.shealth,UTC-0400,2018-01-11 09:13:25.000,1.0,a6daeab7-c02e-e857-2433-7f1e0dbe821a,2018-01-11 09:22:55.091,2018-01-11 09:22:55.090
346,2018-03-11 16:30:03.000,com.sec.android.app.shealth,UTC-0300,2018-03-11 16:28:08.000,9.0,a81818e0-a4ce-e2f5-69ad-038edae755ec,2018-03-11 16:30:30.949,2018-03-11 16:30:30.818
347,2018-01-22 09:06:28.000,com.sec.android.app.shealth,UTC-0400,2018-01-22 09:05:00.000,3.0,a88645cb-9894-ac69-ba58-ad123aca9131,2018-01-22 09:07:55.066,2018-01-22 09:07:55.009
348,2018-02-21 17:04:52.000,com.sec.android.app.shealth,UTC-0400,2018-02-21 17:03:42.000,4.0,a8eb4ff4-e391-27c5-3a92-caac813461d6,2018-02-21 17:09:01.047,2018-02-21 17:09:00.972
349,2017-12-16 08:48:18.000,com.sec.android.app.shealth,UTC-0400,2017-12-16 08:46:12.000,9.0,a964f836-83e1-5a73-203c-23e66833a6f9,2017-12-16 08:48:49.079,2017-12-16 08:48:48.886
350,2018-01-16 08:11:13.000,com.sec.android.app.shealth,UTC-0400,2018-01-16 08:10:55.000,1.0,a9959ed8-ab48-1f08-7fd6-036f718b7120,2018-01-16 08:12:14.115,2018-01-16 08:12:14.103
351,2018-03-21 20:00:11.000,com.sec.android.app.shealth,UTC-0300,2018-03-21 19:59:41.000,1.0,abbf42f5-3858-49d7-21eb-99bb8b50ccb0,2018-03-21 20:10:38.134,2018-03-21 20:10:38.112
352,2017-12-23 12:05:24.000,com.sec.android.app.shealth,UTC-0700,2017-12-23 12:05:09.000,1.0,abe6f333-1efb-033a-fe53-a15b0062e914,2017-12-23 12:22:55.784,2017-12-23 12:22:55.784
353,2018-01-18 17:29:26.000,com.sec.android.app.shealth,UTC-0400,2018-01-18 17:29:04.000,1.0,abeb6528-46fd-ef97-195e-69d34b1b77a2,2018-01-18 17:37:01.667,2018-01-18 17:37:01.654
354,2018-02-16 08:26:06.000,com.sec.android.app.shealth,UTC-0400,2018-02-16 08:25:50.000,1.0,acfdf1d1-cdbb-e27d-69b3-e12888a763cb,2018-02-16 08:27:46.253,2018-02-16 08:27:46.224
355,2018-03-15 17:54:04.000,com.sec.android.app.shealth,UTC-0300,2018-03-15 17:52:22.000,8.0,ad6c4b5c-b7cd-1d4a-1a83-b839b5f176de,2018-03-15 18:50:06.886,2018-03-15 18:50:06.768
356,2018-02-20 19:48:18.000,com.sec.android.app.shealth,UTC-0400,2018-02-20 19:46:23.000,9.0,adebbd1a-0c4f-9a52-d95d-ca79fa6febf5,2018-02-20 19:48:45.070,2018-02-20 19:48:44.915
357,2018-03-07 20:09:01.000,com.sec.android.app.shealth,UTC-0400,2018-03-07 20:08:49.000,1.0,ae537a31-5944-9b84-c0fd-cd71a48d321f,2018-03-07 20:14:54.378,2018-03-07 20:14:54.377
358,2017-12-19 15:52:56.000,com.sec.android.app.shealth,UTC-0400,2017-12-19 15:51:20.000,9.0,ae969d5f-6d4f-fda9-9720-b49ad5aa57bb,2017-12-19 15:53:42.445,2017-12-19 15:53:42.291
359,2018-04-17 08:51:46.000,com.sec.android.app.shealth,UTC-0300,2018-04-17 08:51:31.000,1.0,aea6934f-8492-9fcf-7f5e-b5ed4824ef4f,2018-04-17 08:59:11.916,2018-04-17 08:59:11.915
360,2018-02-05 13:33:01.000,com.sec.android.app.shealth,UTC-0400,2018-02-05 13:32:49.000,1.0,aeb310a9-1cef-084e-1799-b70f2e7c5465,2018-02-05 13:57:33.927,2018-02-05 13:57:33.926
361,2018-01-18 06:55:30.000,com.sec.android.app.shealth,UTC-0400,2018-01-18 06:53:40.000,8.0,aeed07cc-ceb9-0d97-2ed9-0e6e93d74fb6,2018-01-18 06:55:31.632,2018-01-18 06:53:52.582
362,2018-03-25 14:25:37.000,com.sec.android.app.shealth,UTC-0300,2018-03-25 14:25:17.000,1.0,af9792ab-2671-e39c-6d2f-2d01b17c01c5,2018-03-25 14:27:44.166,2018-03-25 14:27:44.149
363,2017-12-31 22:24:13.000,com.sec.android.app.shealth,UTC-0700,2017-12-31 22:24:00.000,1.0,afb07580-7792-e1d6-ae11-43059ca9fa24,2017-12-31 22:29:21.926,2017-12-31 22:29:21.921
364,2018-02-04 19:40:39.000,com.sec.android.app.shealth,UTC-0400,2018-02-04 19:38:59.000,8.0,b089edcf-8374-0ded-f243-78b9e8a8c3f0,2018-02-04 19:40:50.046,2018-02-04 19:40:49.922
365,2017-12-29 15:39:07.000,com.sec.android.app.shealth,UTC-0700,2017-12-29 15:38:04.000,3.0,b08c3739-3ffb-2c6f-6593-2a16dacbea6d,2017-12-29 15:40:14.809,2017-12-29 15:40:14.738
366,2017-12-23 14:25:06.000,com.sec.android.app.shealth,UTC-0700,2017-12-23 14:24:51.000,1.0,b0d63f01-36a3-67ef-3f2a-8e1e1c3e390f,2017-12-23 14:28:06.792,2017-12-23 14:28:06.792
367,2017-12-20 13:44:35.000,com.sec.android.app.shealth,UTC-0700,2017-12-20 13:44:08.000,1.0,b168c73a-5056-a2de-b224-e60fe755a31a,2017-12-20 13:46:16.974,2017-12-20 13:46:16.974
368,2018-03-02 17:36:07.000,com.sec.android.app.shealth,UTC-0400,2018-03-02 17:35:58.000,1.0,b1d333c4-a8bc-a8cc-6708-ea1f01a9ece7,2018-03-02 17:40:09.042,2018-03-02 17:40:09.041
369,2018-03-05 17:51:39.000,com.sec.android.app.shealth,UTC-0400,2018-03-05 17:50:07.000,2.0,b3f5121a-4c4d-fdf8-f0a3-6856b5962868,2018-03-05 17:54:12.066,2018-03-05 17:54:12.015
370,2018-02-21 08:40:07.000,com.sec.android.app.shealth,UTC-0400,2018-02-21 08:38:39.000,3.0,b516f775-3d38-5374-1359-daf372643169,2018-02-21 08:40:23.693,2018-02-21 08:39:41.757
371,2018-04-28 16:51:08.000,com.sec.android.app.shealth,UTC-0300,2018-04-28 16:50:54.000,1.0,b57d5da0-18c0-b42b-efc0-7d170175a225,2018-04-28 17:01:17.961,2018-04-28 17:01:17.955
372,2018-04-20 07:58:39.000,com.sec.android.app.shealth,UTC-0300,2018-04-20 07:58:15.000,1.0,b62681f9-8387-25c4-3110-10bc790e2675,2018-04-20 08:33:46.681,2018-04-20 08:33:46.675
373,2018-02-26 16:22:04.000,com.sec.android.app.shealth,UTC-0400,2018-02-26 16:21:38.000,1.0,b685c731-0389-fd79-8b72-3c6799e54d5d,2018-02-26 16:34:22.620,2018-02-26 16:34:22.609
374,2018-03-19 17:32:08.000,com.sec.android.app.shealth,UTC-0300,2018-03-19 17:31:55.000,1.0,b6a305e9-c1b8-ff77-885c-7d55c1e8b387,2018-03-19 17:35:10.837,2018-03-19 17:35:10.837
375,2018-02-21 20:01:30.000,com.sec.android.app.shealth,UTC-0400,2018-02-21 20:00:04.000,2.0,b70e445a-d034-a2df-1941-532b139a7f9d,2018-02-21 20:02:33.934,2018-02-21 20:02:33.892
376,2017-12-31 23:23:54.000,com.sec.android.app.shealth,UTC-0700,2017-12-31 23:23:10.000,3.0,b76ac9b3-12cb-cc0c-fe2b-57b18e8dabfb,2017-12-31 23:24:18.934,2017-12-31 23:24:18.898
377,2018-02-24 10:33:18.000,com.sec.android.app.shealth,UTC-0400,2018-02-24 10:33:04.000,1.0,b85b014a-c65d-d3bb-36fc-06f32d32cc23,2018-02-24 10:35:22.841,2018-02-24 10:35:22.839
378,2018-02-11 19:22:17.000,com.sec.android.app.shealth,UTC-0400,2018-02-11 19:19:34.000,12.0,b885ebf7-cef3-b133-17a8-37f3217203c0,2018-02-11 19:22:44.052,2018-02-11 19:20:21.845
379,2018-04-28 15:00:51.000,com.sec.android.app.shealth,UTC-0300,2018-04-28 15:00:32.000,1.0,b8997d0f-923a-2b20-0232-9926e5a63ff0,2018-04-28 15:06:48.179,2018-04-28 15:06:48.175
380,2018-03-30 18:27:47.000,com.sec.android.app.shealth,UTC-0300,2018-03-30 18:26:54.000,2.0,b8efddaf-adc7-733b-baea-cb5d46c3e4c7,2018-03-30 18:45:26.328,2018-03-30 18:45:26.303
381,2018-05-02 18:29:56.000,com.sec.android.app.shealth,UTC-0300,2018-05-02 18:29:46.000,1.0,b9027c22-4580-aa64-2c2c-3ac3cbf14fe5,2018-05-02 18:33:41.932,2018-05-02 18:33:41.931
382,2018-02-05 13:00:34.000,com.sec.android.app.shealth,UTC-0400,2018-02-05 13:00:23.000,1.0,b9622f6b-54a2-ae7c-6f7c-55d25dc1525e,2018-02-05 13:00:35.931,2018-02-05 13:00:35.930
383,2018-03-19 17:35:00.000,com.sec.android.app.shealth,UTC-0300,2018-03-19 17:34:30.000,1.0,b9c830c6-18d7-a5df-1f3b-dea8c5b44d12,2018-03-19 17:35:10.868,2018-03-19 17:35:10.851
384,2018-04-10 09:12:57.000,com.sec.android.app.shealth,UTC-0300,2018-04-10 09:12:39.000,1.0,ba8dd58a-b14f-6741-5946-ad1c16a92e9b,2018-04-10 09:25:41.994,2018-04-10 09:25:41.974
385,2017-12-22 13:46:29.000,com.sec.android.app.shealth,UTC-0700,2017-12-22 13:43:54.000,6.0,baf1183d-d9e6-015d-2c4b-046b0786a89e,2017-12-22 14:09:40.194,2017-12-22 14:09:40.110
386,2018-05-01 17:45:08.000,com.sec.android.app.shealth,UTC-0300,2018-05-01 17:44:47.000,1.0,bb10f098-d2d3-f3b3-6266-0c5ae91bff8a,2018-05-01 17:45:08.264,2018-05-01 17:45:08.260
387,2018-03-02 17:52:54.000,com.sec.android.app.shealth,UTC-0400,2018-03-02 17:52:38.000,1.0,bb4ed076-e4fd-f85f-501d-0e8ff4d9acea,2018-03-02 17:55:01.025,2018-03-02 17:55:00.976
388,2018-02-13 19:02:05.000,com.sec.android.app.shealth,UTC-0400,2018-02-13 19:01:15.000,2.0,bb68f1d9-1588-6ac1-6793-be907ed7a149,2018-02-13 19:08:21.601,2018-02-13 19:08:21.580
389,2018-04-14 14:36:17.000,com.sec.android.app.shealth,UTC-0300,2018-04-14 14:35:40.000,1.0,bb7bdc3a-e3f4-1733-0664-698568e10e36,2018-04-14 14:40:22.879,2018-04-14 14:40:22.860
390,2018-05-02 11:21:07.000,com.sec.android.app.shealth,UTC-0300,2018-05-02 11:20:42.000,1.0,bbc84a2c-43a5-f6e5-e4da-47ad6246d422,2018-05-02 13:52:24.838,2018-05-02 13:52:24.823
391,2018-04-04 17:14:03.000,com.sec.android.app.shealth,UTC-0300,2018-04-04 17:13:48.000,1.0,bbe506d3-349c-91a5-1c51-780aa2356bc3,2018-04-04 17:15:10.722,2018-04-04 17:15:10.720
392,2017-12-22 13:33:41.000,com.sec.android.app.shealth,UTC-0700,2017-12-22 13:33:20.000,1.0,bbf03b23-dd0f-3a1c-e205-6acc35320479,2017-12-22 14:09:40.091,2017-12-22 14:09:40.066
393,2018-01-07 14:12:20.000,com.sec.android.app.shealth,UTC-0400,2018-01-07 14:10:26.000,8.0,bc48d653-ce15-24aa-d002-2ff824ca91a1,2018-01-07 14:13:33.494,2018-01-07 14:13:33.358
394,2018-01-31 09:12:54.000,com.sec.android.app.shealth,UTC-0400,2018-01-31 09:12:45.000,1.0,bc655c81-4804-f421-d8d3-8d9b02fc1328,2018-01-31 09:27:25.512,2018-01-31 09:27:25.512
395,2017-12-18 16:36:44.000,com.sec.android.app.shealth,UTC-0400,2017-12-18 16:36:16.000,1.0,bd090168-68e8-67b1-ad89-2aefd1d17df2,2017-12-18 16:36:45.876,2017-12-18 16:36:45.875
396,2018-04-14 11:34:54.000,com.sec.android.app.shealth,UTC-0300,2018-04-14 11:33:26.000,7.0,bd0bad92-f620-f74b-5f01-90feeff2d010,2018-04-14 11:37:04.319,2018-04-14 11:37:04.230
397,2018-02-28 19:03:19.000,com.sec.android.app.shealth,UTC-0400,2018-02-28 19:02:51.000,1.0,bd34d9ae-83e5-f74d-7942-d881b07c9006,2018-02-28 19:12:28.387,2018-02-28 19:12:28.386
398,2018-01-19 16:36:59.000,com.sec.android.app.shealth,UTC-0400,2018-01-19 16:36:08.000,2.0,bed7892a-f578-e025-5339-c76471e75c4e,2018-01-19 16:41:09.637,2018-01-19 16:41:09.626
399,2018-02-12 17:55:24.000,com.sec.android.app.shealth,UTC-0400,2018-02-12 17:55:11.000,1.0,c00777ac-ba92-7792-d382-9daa61dcf5c6,2018-02-12 17:59:15.482,2018-02-12 17:59:15.460
400,2018-01-24 08:45:19.000,com.sec.android.app.shealth,UTC-0400,2018-01-24 08:44:46.000,2.0,c0639cab-0af2-5cb9-eff7-f88f7fda1b31,2018-01-24 08:50:41.083,2018-01-24 08:50:41.040
401,2018-03-23 09:03:32.000,com.sec.android.app.shealth,UTC-0300,2018-03-23 09:02:41.000,2.0,c0c8f761-30d1-49c0-f44d-b36c84cdc0a1,2018-03-23 09:07:29.842,2018-03-23 09:07:29.803
402,2018-01-06 21:03:38.000,com.sec.android.app.shealth,UTC-0400,2018-01-06 21:01:12.000,12.0,c11460c4-1a84-e9f2-a5cc-98a15f604035,2018-01-06 21:03:38.596,2018-01-06 21:02:52.877
403,2018-01-03 19:09:16.000,com.sec.android.app.shealth,UTC-0400,2018-01-03 19:09:07.000,1.0,c185220b-813e-7bc1-b724-32a0c3f655b1,2018-01-03 19:09:54.938,2018-01-03 19:09:54.937
404,2018-03-28 20:03:31.000,com.sec.android.app.shealth,UTC-0300,2018-03-28 20:03:16.000,1.0,c2016279-1838-c9bf-d4f8-2786c906f506,2018-03-28 20:09:11.098,2018-03-28 20:09:11.097
405,2018-03-25 14:56:59.000,com.sec.android.app.shealth,UTC-0300,2018-03-25 14:56:43.000,1.0,c2534999-45c7-eebe-0ee4-01b8b3346df0,2018-03-25 15:05:23.704,2018-03-25 15:05:23.690
406,2018-02-12 17:57:49.000,com.sec.android.app.shealth,UTC-0400,2018-02-12 17:57:21.000,2.0,c253e7ee-9519-5586-4739-de4ba0e08ee9,2018-02-12 17:59:15.518,2018-02-12 17:59:15.502
407,2018-01-15 07:20:46.000,com.sec.android.app.shealth,UTC-0400,2018-01-15 07:19:11.000,7.0,c27f7051-8070-cd0f-ce00-bd08d5f2402c,2018-01-15 07:21:57.954,2018-01-15 07:19:20.366
408,2018-03-07 20:01:59.000,com.sec.android.app.shealth,UTC-0400,2018-03-07 20:01:53.000,1.0,c2a7706e-0d40-8017-dde5-5820b967cc7f,2018-03-07 20:02:19.778,2018-03-07 20:02:19.777
409,2018-01-05 11:56:45.000,com.sec.android.app.shealth,UTC-0400,2018-01-05 11:56:39.000,1.0,c4048cb7-3631-5fff-7d1e-369abfe806b2,2018-01-05 11:59:26.938,2018-01-05 11:59:26.936
410,2017-12-29 15:43:32.000,com.sec.android.app.shealth,UTC-0700,2017-12-29 15:43:22.000,1.0,c46c7ae0-a653-8b57-d019-56e09a4c1ff8,2017-12-29 15:49:23.762,2017-12-29 15:49:23.760
411,2018-04-09 12:48:29.000,com.sec.android.app.shealth,UTC-0300,2018-04-09 12:48:13.000,1.0,c476d827-9ed4-d98a-ad9a-7cb5dc1e1fc8,2018-04-09 12:57:56.616,2018-04-09 12:57:56.602
412,2018-03-08 09:10:56.000,com.sec.android.app.shealth,UTC-0400,2018-03-08 09:10:36.000,1.0,c48471c2-7d0d-4c52-e319-6b71a40dc281,2018-03-08 09:18:22.869,2018-03-08 09:18:22.846
413,2017-12-31 13:43:54.000,com.sec.android.app.shealth,UTC-0700,2017-12-31 13:43:07.000,3.0,c4dc1e8b-f069-96f4-5d55-1b4316a4826d,2017-12-31 13:53:07.404,2017-12-31 13:53:07.343
414,2018-03-14 09:13:22.000,com.sec.android.app.shealth,UTC-0300,2018-03-14 09:13:02.000,1.0,c4df811e-ff77-ba0d-209e-cbec4c033766,2018-03-14 09:14:12.869,2018-03-14 09:14:12.851
415,2018-02-21 08:24:00.000,com.sec.android.app.shealth,UTC-0400,2018-02-21 08:23:42.000,1.0,c4eab43c-37a0-4c1e-fa60-c9b6d6faffc2,2018-02-21 08:24:47.329,2018-02-21 08:24:47.308
416,2018-04-14 15:39:42.000,com.sec.android.app.shealth,UTC-0300,2018-04-14 15:39:33.000,1.0,c4fb7747-471e-c825-5201-b1dd48c22a2f,2018-04-14 15:51:34.535,2018-04-14 15:51:34.534
417,2017-12-25 15:34:36.000,com.sec.android.app.shealth,UTC-0700,2017-12-25 15:34:09.000,1.0,c50874e0-6f53-96c0-6aad-ae8ea8624e48,2017-12-25 15:37:45.788,2017-12-25 15:37:45.788
418,2018-02-16 11:41:52.000,com.sec.android.app.shealth,UTC-0400,2018-02-16 11:41:32.000,1.0,c6057b3d-9586-e7d3-b6fb-42a74791f9c8,2018-02-16 12:00:03.880,2018-02-16 12:00:03.880
419,2018-01-04 08:14:06.000,com.sec.android.app.shealth,UTC-0400,2018-01-04 08:11:11.000,4.0,c69c8586-0033-8057-fbfa-78d861969ada,2018-01-04 08:15:30.624,2018-01-04 08:15:30.559
420,2018-01-29 17:34:55.000,com.sec.android.app.shealth,UTC-0400,2018-01-29 17:34:32.000,1.0,c731516a-1759-3062-9890-87b78c0f99e5,2018-01-29 17:35:32.830,2018-01-29 17:35:32.816
421,2018-02-28 06:59:39.000,com.sec.android.app.shealth,UTC-0400,2018-02-28 06:58:26.000,7.0,c82be669-1999-e2bb-7e53-56e598b2ec26,2018-02-28 07:00:38.771,2018-02-28 07:00:38.650
422,2018-03-27 08:14:03.000,com.sec.android.app.shealth,UTC-0300,2018-03-27 08:13:49.000,1.0,c968b068-9b4d-c3cc-ecc5-e890335541fd,2018-03-27 08:15:15.148,2018-03-27 08:15:15.146
423,2018-04-06 19:09:50.000,com.sec.android.app.shealth,UTC-0300,2018-04-06 19:09:34.000,1.0,ca03e2f1-93a3-7425-57ac-45b50c1bb2ef,2018-04-06 19:14:06.287,2018-04-06 19:14:06.286
424,2018-03-12 07:45:01.000,com.sec.android.app.shealth,UTC-0300,2018-03-12 07:44:37.000,1.0,ca10a741-0000-1596-3d67-da5f26acc7f5,2018-03-12 07:51:11.663,2018-03-12 07:51:11.661
425,2018-02-28 09:01:45.000,com.sec.android.app.shealth,UTC-0400,2018-02-28 09:01:33.000,1.0,ca1cc185-9d74-97d2-3c92-e06b85e260ea,2018-02-28 09:27:07.760,2018-02-28 09:27:07.748
426,2018-03-21 20:05:32.000,com.sec.android.app.shealth,UTC-0300,2018-03-21 20:05:09.000,1.0,ca28233a-7ef7-8695-6093-6c2027875061,2018-03-21 20:10:38.205,2018-03-21 20:10:38.187
427,2018-03-14 17:16:10.000,com.sec.android.app.shealth,UTC-0300,2018-03-14 17:15:54.000,1.0,ca36c8f4-c58f-75a8-a51a-58b7c22aa7ce,2018-03-14 17:22:13.717,2018-03-14 17:22:13.702
428,2018-03-14 20:51:51.000,com.sec.android.app.shealth,UTC-0300,2018-03-14 20:51:43.000,1.0,ca4a0d8b-f7c9-7bd8-255c-a3dca5a2fdfc,2018-03-14 20:55:05.727,2018-03-14 20:55:05.727
429,2018-03-28 17:17:13.000,com.sec.android.app.shealth,UTC-0300,2018-03-28 17:15:13.000,5.0,caf8b530-9df6-7b04-a04a-2e2d961e8b23,2018-03-28 17:23:24.187,2018-03-28 17:23:24.109
430,2018-01-30 17:26:42.000,com.sec.android.app.shealth,UTC-0400,2018-01-30 17:24:46.000,9.0,cba04ce7-4a99-52d2-c5eb-b071820f3362,2018-01-30 17:26:43.175,2018-01-30 17:26:38.216
431,2018-02-02 20:29:19.000,com.sec.android.app.shealth,UTC-0400,2018-02-02 20:26:48.000,12.0,cc412a50-e875-1a23-a558-6610d0c64cc0,2018-02-02 20:29:47.057,2018-02-02 20:29:46.865
432,2018-04-12 19:29:13.000,com.sec.android.app.shealth,UTC-0300,2018-04-12 19:27:16.000,8.0,ce158299-8bdd-91e1-1326-2965f1e0c22e,2018-04-12 19:30:35.096,2018-04-12 19:28:33.061
433,2018-03-02 08:36:32.000,com.sec.android.app.shealth,UTC-0400,2018-03-02 08:36:10.000,2.0,ce6a0632-a812-72a1-56d6-008d58f645d1,2018-03-02 08:41:37.078,2018-03-02 08:41:37.062
434,2018-04-12 08:23:28.000,com.sec.android.app.shealth,UTC-0300,2018-04-12 08:21:48.000,9.0,ce96b9e1-96e3-616d-f8b1-18340a30913c,2018-04-12 08:24:15.789,2018-04-12 08:24:15.669
435,2018-05-01 18:10:45.000,com.sec.android.app.shealth,UTC-0300,2018-05-01 18:10:32.000,1.0,cebc012e-7eb2-3510-2dc8-32ff299bb939,2018-05-01 18:17:21.714,2018-05-01 18:17:21.714
436,2018-04-19 18:38:20.000,com.sec.android.app.shealth,UTC-0300,2018-04-19 18:37:56.000,1.0,cf1e1d0c-2f64-aefe-b186-88c0b5011863,2018-04-19 18:41:17.272,2018-04-19 18:41:17.258
437,2017-12-21 16:01:12.000,com.sec.android.app.shealth,UTC-0700,2017-12-21 16:00:19.000,2.0,cf3a635a-19a8-1693-7a62-1c2656314148,2017-12-21 16:03:36.005,2017-12-21 16:03:35.968
438,2018-01-22 08:06:39.000,com.sec.android.app.shealth,UTC-0400,2018-01-22 08:05:56.000,1.0,cf3dc404-55f5-5a4b-2cf5-a29757a6e69a,2018-01-22 08:06:58.818,2018-01-22 08:06:58.798
439,2018-02-14 21:06:28.000,com.sec.android.app.shealth,UTC-0400,2018-02-14 21:04:26.000,9.0,cfcfacd2-88ea-063c-e614-befb027f27e0,2018-02-14 21:07:25.056,2018-02-14 21:07:24.928
440,2018-03-14 20:10:10.000,com.sec.android.app.shealth,UTC-0300,2018-03-14 20:08:40.000,3.0,cfd5ba93-9f0a-8902-5b2b-39be89504703,2018-03-14 20:12:14.021,2018-03-14 20:12:13.977
441,2018-05-02 18:35:19.000,com.sec.android.app.shealth,UTC-0300,2018-05-02 18:34:53.000,1.0,d01e48ff-fbfc-1e85-6c5c-aba47d422045,2018-05-02 18:46:25.762,2018-05-02 18:46:25.736
442,2018-03-05 18:43:06.000,com.sec.android.app.shealth,UTC-0400,2018-03-05 18:41:34.000,9.0,d07b1a95-f61b-3f11-ab6e-61b9cd1b56d3,2018-03-05 18:48:12.789,2018-03-05 18:48:12.648
443,2017-12-24 16:16:51.000,com.sec.android.app.shealth,UTC-0700,2017-12-24 16:16:21.000,1.0,d33b54ba-574b-f8cc-d41b-4af3856f8aa3,2017-12-24 16:19:09.957,2017-12-24 16:19:09.930
444,2018-02-28 08:02:46.000,com.sec.android.app.shealth,UTC-0400,2018-02-28 08:02:33.000,1.0,d58c0be8-3334-ab41-b448-671842507f59,2018-02-28 08:04:15.698,2018-02-28 08:04:15.698
445,2018-01-25 06:24:53.000,com.sec.android.app.shealth,UTC-0400,2018-01-25 06:23:09.000,5.0,d61b26ec-1a7f-f359-20f1-68b22195cd45,2018-01-25 06:25:31.864,2018-01-25 06:25:31.748
446,2018-03-16 20:03:08.000,com.sec.android.app.shealth,UTC-0300,2018-03-16 20:01:37.000,3.0,d626e6be-0e9c-98cc-5c59-4f01ef7f3225,2018-03-16 20:07:44.709,2018-03-16 20:07:44.664
447,2018-03-12 09:03:21.000,com.sec.android.app.shealth,UTC-0300,2018-03-12 09:03:02.000,1.0,d796b3a6-e53e-1576-aeae-748b319bfcc6,2018-03-12 10:57:17.734,2018-03-12 10:57:17.733
448,2018-02-19 16:27:38.000,com.sec.android.app.shealth,UTC-0400,2018-02-19 16:25:14.000,8.0,d8eb3fda-0dc6-274b-0e1c-19baef6930e9,2018-02-19 16:27:40.173,2018-02-19 16:26:07.604
449,2018-02-15 15:01:50.000,com.sec.android.app.shealth,UTC-0400,2018-02-15 14:59:27.000,12.0,d937fffa-8122-d2dd-d8a7-91915a481771,2018-02-15 15:03:45.137,2018-02-15 15:03:44.942
450,2018-05-02 19:25:27.000,com.sec.android.app.shealth,UTC-0300,2018-05-02 19:25:16.000,1.0,d94b79e5-b289-809b-21af-ad00ee135c35,2018-05-02 19:39:53.118,2018-05-02 19:39:53.117
451,2018-05-02 07:52:55.000,com.sec.android.app.shealth,UTC-0300,2018-05-02 07:52:40.000,1.0,d94efbf3-c7ac-cbe9-adf5-5ad4ef2f46e7,2018-05-02 07:56:11.619,2018-05-02 07:56:11.594
452,2018-02-07 08:04:04.000,com.sec.android.app.shealth,UTC-0400,2018-02-07 08:03:43.000,1.0,da93555c-296b-b6f9-9dca-0ecadeff110f,2018-02-07 08:06:36.901,2018-02-07 08:06:36.899
453,2018-01-28 08:33:25.000,com.sec.android.app.shealth,UTC-0400,2018-01-28 08:31:46.000,9.0,db53b96e-6b6c-0692-fa23-ee9ea2eee233,2018-01-28 08:33:27.277,2018-01-28 08:32:15.974
454,2018-01-18 18:32:37.000,com.sec.android.app.shealth,UTC-0400,2018-01-18 18:29:50.000,4.0,db544641-c2c7-1dc6-6e8b-67951b25b045,2018-01-18 18:35:11.594,2018-01-18 18:35:11.531
455,2018-03-02 16:32:51.000,com.sec.android.app.shealth,UTC-0400,2018-03-02 16:32:29.000,2.0,dbb2085c-ee35-c5dd-b335-f69b4d0c250e,2018-03-02 16:50:11.938,2018-03-02 16:50:11.909
456,2018-01-19 16:43:07.000,com.sec.android.app.shealth,UTC-0400,2018-01-19 16:41:14.000,9.0,dd2507bb-290a-a8ae-2c79-97bdc549e571,2018-01-19 17:18:40.682,2018-01-19 16:42:49.589
457,2018-01-29 08:06:48.000,com.sec.android.app.shealth,UTC-0400,2018-01-29 08:05:24.000,2.0,ddbc1b70-d5df-04bd-8ab5-087c95b7d4d4,2018-01-29 08:08:28.133,2018-01-29 08:08:28.112
458,2017-12-25 14:56:24.000,com.sec.android.app.shealth,UTC-0700,2017-12-25 14:54:34.000,5.0,dddd3f80-77ad-e252-6954-cc28671f0cb2,2017-12-25 14:56:35.009,2017-12-25 14:56:34.919
459,2018-02-04 19:37:49.000,com.sec.android.app.shealth,UTC-0400,2018-02-04 19:37:25.000,1.0,ddf4cb04-6cdb-8558-8e5e-6e8d5e2ed1d3,2018-02-04 19:38:30.917,2018-02-04 19:38:30.893
460,2018-01-01 00:05:28.000,com.sec.android.app.shealth,UTC-0700,2018-01-01 00:05:20.000,1.0,dea361b2-40f7-078c-4a05-d55955f7369d,2018-01-01 00:10:56.889,2018-01-01 00:10:56.889
461,2018-04-02 08:36:33.000,com.sec.android.app.shealth,UTC-0300,2018-04-02 08:36:20.000,1.0,deafb036-d289-b895-69f0-eb57fac1c2b2,2018-04-02 08:38:27.866,2018-04-02 08:38:27.848
462,2018-01-29 08:08:25.000,com.sec.android.app.shealth,UTC-0400,2018-01-29 08:08:06.000,1.0,dede93f8-d333-edc4-75e8-86b860ce88e1,2018-01-29 08:08:28.165,2018-01-29 08:08:28.147
463,2018-04-04 18:40:13.000,com.sec.android.app.shealth,UTC-0300,2018-04-04 18:39:55.000,1.0,df63ac7b-5e67-213c-6a41-3214e357a0ca,2018-04-04 19:05:49.815,2018-04-04 19:05:49.814
464,2018-04-02 16:38:45.000,com.sec.android.app.shealth,UTC-0300,2018-04-02 16:38:17.000,1.0,e01356f6-b93d-f7aa-faf8-45ceb54b0167,2018-04-02 16:53:42.993,2018-04-02 16:53:42.980
465,2018-03-27 08:12:40.000,com.sec.android.app.shealth,UTC-0300,2018-03-27 08:12:01.000,1.0,e05c8d4d-d536-7848-ec87-62dbe923a635,2018-03-27 08:15:14.703,2018-03-27 08:15:14.679
466,2017-12-27 22:57:13.000,com.sec.android.app.shealth,UTC-0700,2017-12-27 22:56:52.000,1.0,e06b7a5c-974d-b8e9-59f8-06f71435d16f,2017-12-27 23:41:39.984,2017-12-27 23:41:39.964
467,2017-12-27 13:56:53.000,com.sec.android.app.shealth,UTC-0700,2017-12-27 13:56:38.000,1.0,e0c51006-8494-f4b2-56ea-5caef2816517,2017-12-27 14:29:32.107,2017-12-27 14:29:32.106
468,2018-04-12 19:12:25.000,com.sec.android.app.shealth,UTC-0300,2018-04-12 19:11:24.000,3.0,e0c969cb-a724-ccb4-f0e4-8dc901b992b1,2018-04-12 19:28:33.046,2018-04-12 19:11:50.490
469,2017-12-26 13:46:58.000,com.sec.android.app.shealth,UTC-0700,2017-12-26 13:46:38.000,1.0,e0fc5fce-ca60-9aec-e7a1-1aeb57ad3ccc,2017-12-26 13:48:33.978,2017-12-26 13:48:33.922
470,2018-01-18 09:16:59.000,com.sec.android.app.shealth,UTC-0400,2018-01-18 09:16:41.000,1.0,e1583b17-ac53-6ab1-ca06-fc1b82463245,2018-01-18 09:20:31.048,2018-01-18 09:20:31.033
471,2018-01-14 17:45:26.000,com.sec.android.app.shealth,UTC-0400,2018-01-14 17:45:13.000,1.0,e1c7b585-e892-b717-2060-ebb2a841d777,2018-01-14 17:51:31.546,2018-01-14 17:51:31.520
472,2018-03-16 07:58:52.000,com.sec.android.app.shealth,UTC-0300,2018-03-16 07:57:07.000,3.0,e253b913-e7e5-564e-94e7-59bb3d85392c,2018-03-16 07:58:51.829,2018-03-16 07:58:42.906
473,2018-01-27 10:24:44.000,com.sec.android.app.shealth,UTC-0400,2018-01-27 10:23:19.000,7.0,e2d33350-138b-bc67-cdf6-1b1e711028c2,2018-01-27 10:24:47.147,2018-01-27 10:24:47.038
474,2018-03-19 11:46:42.000,com.sec.android.app.shealth,UTC-0300,2018-03-19 11:46:34.000,1.0,e3327a48-9c40-a41e-398e-db531d8fc7fc,2018-03-19 12:26:01.706,2018-03-19 12:26:01.676
475,2018-04-11 08:13:15.000,com.sec.android.app.shealth,UTC-0300,2018-04-11 08:12:47.000,1.0,e400bf12-d0a1-c8d9-022d-6a8ff36e9f32,2018-04-11 08:17:26.692,2018-04-11 08:17:26.692
476,2017-12-24 11:58:06.000,com.sec.android.app.shealth,UTC-0700,2017-12-24 11:57:45.000,1.0,e40f3270-b361-cb75-ba1b-20fe6a5326cf,2017-12-24 12:13:34.089,2017-12-24 12:13:34.077
477,2018-02-16 21:06:53.000,com.sec.android.app.shealth,UTC-0400,2018-02-16 21:05:04.000,9.0,e418c34f-6e11-7218-d0f6-5fe36b26cb75,2018-02-16 21:06:54.948,2018-02-16 21:06:54.816
478,2018-04-17 09:16:53.000,com.sec.android.app.shealth,UTC-0300,2018-04-17 09:16:46.000,1.0,e48ea11a-d1b0-161b-b09c-131ef95f4c06,2018-04-17 09:24:52.057,2018-04-17 09:24:52.057
479,2018-05-02 08:42:28.000,com.sec.android.app.shealth,UTC-0300,2018-05-02 08:42:15.000,1.0,e4c884ab-eff3-d1bb-e518-c2aae50809a8,2018-05-02 08:49:48.489,2018-05-02 08:49:48.475
480,2017-12-30 14:46:56.000,com.sec.android.app.shealth,UTC-0700,2017-12-30 14:45:40.000,2.0,e4f68642-59b5-596a-0b62-1079b667e4ce,2017-12-30 14:53:16.128,2017-12-30 14:53:16.086
481,2017-12-20 15:44:42.000,com.sec.android.app.shealth,UTC-0700,2017-12-20 15:44:08.000,1.0,e4f8231a-d3a4-8adc-f6b4-5982918836f2,2017-12-20 15:51:20.504,2017-12-20 15:51:20.494
482,2018-02-05 18:39:00.000,com.sec.android.app.shealth,UTC-0400,2018-02-05 18:37:04.000,5.0,e5925a23-3dc0-eee8-8001-4ffb04ca5421,2018-02-05 18:49:28.276,2018-02-05 18:49:28.206
483,2018-04-10 15:47:57.000,com.sec.android.app.shealth,UTC-0300,2018-04-10 15:47:43.000,1.0,e6bc9b2c-bf3b-4e0e-3cd8-39960a73b653,2018-04-10 15:47:58.847,2018-04-10 15:47:58.835
484,2018-03-07 17:15:11.000,com.sec.android.app.shealth,UTC-0400,2018-03-07 17:14:43.000,1.0,e6e7f1a7-10d7-8ad2-eda3-7f791a6392e8,2018-03-07 17:21:34.947,2018-03-07 17:21:34.919
485,2018-01-24 16:40:49.000,com.sec.android.app.shealth,UTC-0400,2018-01-24 16:40:29.000,1.0,e70548ac-e1ec-42bb-b255-3a37058afa8b,2018-01-24 16:42:54.954,2018-01-24 16:42:54.953
486,2018-02-13 18:02:14.000,com.sec.android.app.shealth,UTC-0400,2018-02-13 18:01:55.000,1.0,e73a690d-14cb-5bc3-45d9-d1eff467766c,2018-02-13 18:15:28.765,2018-02-13 18:15:28.736
487,2018-04-19 08:45:13.000,com.sec.android.app.shealth,UTC-0300,2018-04-19 08:44:54.000,1.0,e740d0dc-f7bd-3c66-34ca-391f68c211a9,2018-04-19 08:49:55.905,2018-04-19 08:49:55.887
488,2018-03-05 07:46:11.000,com.sec.android.app.shealth,UTC-0400,2018-03-05 07:45:52.000,1.0,e8e71126-fc94-9bf2-7124-2b52780ea725,2018-03-05 07:48:14.780,2018-03-05 07:48:14.754
489,2018-02-07 16:25:25.000,com.sec.android.app.shealth,UTC-0400,2018-02-07 16:25:15.000,1.0,e9681c40-403a-91eb-fa8a-2e28b7372fe9,2018-02-07 16:26:29.891,2018-02-07 16:26:29.891
490,2017-12-20 19:36:39.000,com.sec.android.app.shealth,UTC-0700,2017-12-20 19:36:31.000,1.0,e9d40df8-6440-479e-dc66-3e573b4cf2ee,2017-12-20 19:50:38.239,2017-12-20 19:50:38.238
491,2018-02-14 20:09:26.000,com.sec.android.app.shealth,UTC-0400,2018-02-14 20:09:05.000,1.0,e9d7f89e-17e0-8ea5-dbcb-ed18f8276aae,2018-02-14 20:09:53.023,2018-02-14 20:09:53.007
492,2018-04-11 19:11:42.000,com.sec.android.app.shealth,UTC-0300,2018-04-11 19:11:22.000,1.0,ea768bec-eb7a-b04c-2126-e8304ba0bfed,2018-04-11 19:30:07.909,2018-04-11 19:30:07.888
493,2018-01-31 08:11:22.000,com.sec.android.app.shealth,UTC-0400,2018-01-31 08:11:05.000,1.0,eac8d9b4-dcff-fb78-71a6-c4d93875359f,2018-01-31 08:11:22.912,2018-01-31 08:11:17.909
494,2018-03-20 18:24:13.000,com.sec.android.app.shealth,UTC-0300,2018-03-20 18:23:48.000,1.0,eaefc2cc-0e0b-0e2d-c0f2-a1952d0b61bb,2018-03-20 18:24:29.899,2018-03-20 18:24:29.879
495,2018-01-16 09:36:51.000,com.sec.android.app.shealth,UTC-0400,2018-01-16 09:35:55.000,2.0,eb096bca-73a7-27ad-4dc1-b5473b9b45c9,2018-01-16 09:53:26.239,2018-01-16 09:53:26.177
496,2018-04-26 07:45:50.000,com.sec.android.app.shealth,UTC-0300,2018-04-26 07:45:32.000,1.0,eb09ad8a-67ec-da00-801a-b1543488f2ba,2018-04-26 07:47:06.681,2018-04-26 07:47:06.664
497,2018-03-12 07:48:12.000,com.sec.android.app.shealth,UTC-0300,2018-03-12 07:46:09.000,2.0,ec43f77b-6bd3-628e-5575-d04380d2d024,2018-03-12 07:51:11.730,2018-03-12 07:51:11.683
498,2018-01-11 18:40:10.000,com.sec.android.app.shealth,UTC-0400,2018-01-11 18:39:49.000,1.0,ed5ed64b-2ae6-96d8-b62d-34b650684602,2018-01-11 18:52:26.844,2018-01-11 18:52:26.842
499,2018-02-12 18:36:35.000,com.sec.android.app.shealth,UTC-0400,2018-02-12 18:35:45.000,2.0,ed809de7-66db-1346-162d-d23bbcc0e83b,2018-02-12 18:41:55.785,2018-02-12 18:41:55.772
500,2018-03-08 18:31:34.000,com.sec.android.app.shealth,UTC-0400,2018-03-08 18:31:03.000,1.0,ee00fbe9-a1b1-51a6-ea70-8c1d2ecc604b,2018-03-08 18:34:22.163,2018-03-08 18:34:22.138
501,2018-04-17 17:13:45.000,com.sec.android.app.shealth,UTC-0300,2018-04-17 17:13:33.000,1.0,ee386476-5768-e5e8-62cc-ce9cbd80efc2,2018-04-17 17:27:57.188,2018-04-17 17:27:57.186
502,2018-01-22 08:07:54.000,com.sec.android.app.shealth,UTC-0400,2018-01-22 08:07:43.000,1.0,ee598bf7-1043-5868-ac7f-a31726a37719,2018-01-22 08:08:35.786,2018-01-22 08:08:35.764
503,2018-01-29 17:21:16.000,com.sec.android.app.shealth,UTC-0400,2018-01-29 17:21:06.000,1.0,eeb17e16-406f-7b85-afca-d99b3d099ac2,2018-01-29 17:28:11.041,2018-01-29 17:28:11.040
504,2018-02-26 17:12:46.000,com.sec.android.app.shealth,UTC-0400,2018-02-26 17:12:20.000,1.0,ef299550-d851-0b5e-5a47-aef1a0d483f4,2018-02-26 17:19:53.563,2018-02-26 17:19:53.562
505,2018-01-22 09:01:13.000,com.sec.android.app.shealth,UTC-0400,2018-01-22 09:01:05.000,2.0,efb66e2f-4c14-010c-6ffd-4fa962329a85,2018-01-22 09:07:54.997,2018-01-22 09:07:54.968
506,2018-04-07 18:56:05.000,com.sec.android.app.shealth,UTC-0300,2018-04-07 18:55:55.000,1.0,f026d8a5-08a7-3e6f-4aca-1ff6c1b4a70f,2018-04-07 19:01:59.263,2018-04-07 19:01:59.262
507,2018-04-30 07:38:52.000,com.sec.android.app.shealth,UTC-0300,2018-04-30 07:38:25.000,1.0,f08a6a71-3823-579b-a0ed-ff7284895fdc,2018-04-30 07:43:57.476,2018-04-30 07:43:57.475
508,2018-05-02 08:35:18.000,com.sec.android.app.shealth,UTC-0300,2018-05-02 08:35:06.000,1.0,f133a106-1db6-cdd1-4236-49f945694d6a,2018-05-02 08:49:48.456,2018-05-02 08:49:48.456
509,2018-01-04 17:36:36.000,com.sec.android.app.shealth,UTC-0400,2018-01-04 17:35:29.000,2.0,f1387b3a-654b-027a-e43b-44600e6fa337,2018-01-04 17:42:37.058,2018-01-04 17:42:37.007
510,2018-03-11 16:46:35.000,com.sec.android.app.shealth,UTC-0300,2018-03-11 16:46:03.000,1.0,f156b72c-f0e9-ecca-5ac8-20d226bcb5a5,2018-03-11 18:07:36.887,2018-03-11 18:07:36.873
511,2017-12-19 17:58:52.000,com.sec.android.app.shealth,UTC-0400,2017-12-19 17:58:27.000,1.0,f1b4e1b8-2e43-c387-cdab-76b17be0031f,2017-12-19 18:00:55.779,2017-12-19 18:00:55.767
512,2018-01-16 08:06:50.000,com.sec.android.app.shealth,UTC-0400,2018-01-16 08:06:00.000,2.0,f1d263cf-012e-f242-1127-016f29c6dc69,2018-01-16 08:12:14.093,2018-01-16 08:12:14.054
513,2018-01-16 18:33:47.000,com.sec.android.app.shealth,UTC-0400,2018-01-16 18:33:35.000,1.0,f22f946b-b3fc-3492-179b-bf06d94b953e,2018-01-16 18:43:58.856,2018-01-16 18:43:58.856
514,2018-03-27 17:25:48.000,com.sec.android.app.shealth,UTC-0300,2018-03-27 17:25:29.000,1.0,f2581cab-a3a0-121c-3bec-331b6f8c9783,2018-03-27 17:32:09.122,2018-03-27 17:32:09.105
515,2018-02-13 07:46:28.000,com.sec.android.app.shealth,UTC-0400,2018-02-13 07:45:16.000,3.0,f3c87e5d-1bbb-6700-b026-e2fecb9a8abb,2018-02-13 07:46:28.721,2018-02-13 07:46:16.940
516,2018-04-25 16:44:17.000,com.sec.android.app.shealth,UTC-0300,2018-04-25 16:44:08.000,1.0,f4309dbc-fac6-214a-b042-6f9c80941970,2018-04-25 16:50:28.225,2018-04-25 16:50:28.224
517,2018-04-30 07:41:11.000,com.sec.android.app.shealth,UTC-0300,2018-04-30 07:40:00.000,2.0,f5b1a35f-0b73-2111-f734-f8974d59f6db,2018-04-30 07:43:57.527,2018-04-30 07:43:57.491
518,2018-03-28 08:12:37.000,com.sec.android.app.shealth,UTC-0300,2018-03-28 08:12:16.000,1.0,f654095a-2355-b5ba-bcc7-b3d98999b65e,2018-03-28 08:13:24.653,2018-03-28 08:13:24.631
519,2018-03-24 09:07:20.000,com.sec.android.app.shealth,UTC-0300,2018-03-24 09:06:59.000,1.0,f7729dde-ec0f-6d2d-5be2-e445103da230,2018-03-24 09:29:27.772,2018-03-24 09:29:27.751
520,2017-12-29 01:11:43.000,com.sec.android.app.shealth,UTC-0700,2017-12-29 01:11:20.000,1.0,f7969d38-e1a7-2829-8417-c0df8333f88e,2017-12-29 01:30:17.689,2017-12-29 01:30:17.669
521,2018-03-05 17:53:47.000,com.sec.android.app.shealth,UTC-0400,2018-03-05 17:53:21.000,1.0,f7a34366-4acd-35aa-9613-01599e4545a4,2018-03-05 17:54:12.108,2018-03-05 17:54:12.083
522,2017-12-23 11:55:36.000,com.sec.android.app.shealth,UTC-0700,2017-12-23 11:53:59.000,2.0,f7f3b011-02d5-18b7-37de-1d0b68d96810,2017-12-23 12:22:55.770,2017-12-23 12:22:55.747
523,2018-03-27 17:27:36.000,com.sec.android.app.shealth,UTC-0300,2018-03-27 17:27:25.000,1.0,f866d0a0-f5ab-eb69-c211-0ffb6fa0415d,2018-03-27 17:32:09.155,2018-03-27 17:32:09.138
524,2018-02-07 20:10:17.000,com.sec.android.app.shealth,UTC-0400,2018-02-07 20:09:15.000,3.0,f8cf37d1-c474-8063-34b9-ae821935bb16,2018-02-07 20:26:40.742,2018-02-07 20:26:40.680
525,2018-03-05 06:23:25.000,com.sec.android.app.shealth,UTC-0400,2018-03-05 06:22:17.000,6.0,f9292b73-2774-a8c9-bc19-7b816d026520,2018-03-05 06:24:34.041,2018-03-05 06:24:33.966
526,2017-12-21 14:25:38.000,com.sec.android.app.shealth,UTC-0700,2017-12-21 14:24:30.000,4.0,fa129446-79a6-bd93-4d9d-ad301eb9df19,2017-12-21 14:25:52.762,2017-12-21 14:24:57.606
527,2018-01-19 09:08:03.000,com.sec.android.app.shealth,UTC-0400,2018-01-19 09:07:45.000,1.0,fa1ee478-fff4-4a86-7711-914c8ac00826,2018-01-19 09:14:05.096,2018-01-19 09:14:05.065
528,2018-03-02 17:55:09.000,com.sec.android.app.shealth,UTC-0400,2018-03-02 17:54:43.000,1.0,fa296609-8126-6524-4d87-e74d0e48f678,2018-03-02 17:55:09.552,2018-03-02 17:55:01.037
529,2017-12-25 12:20:59.000,com.sec.android.app.shealth,UTC-0700,2017-12-25 12:19:59.000,2.0,fa3b9ff7-2235-f442-8857-c87283b94212,2017-12-25 12:22:30.901,2017-12-25 12:22:30.871
530,2018-04-05 08:49:15.000,com.sec.android.app.shealth,UTC-0300,2018-04-05 08:48:55.000,1.0,fa5f5954-9809-aeae-f3f9-dc660ac5399c,2018-04-05 08:49:23.928,2018-04-05 08:49:23.927
531,2018-03-08 06:31:50.000,com.sec.android.app.shealth,UTC-0400,2018-03-08 06:30:13.000,8.0,fab062b7-6d95-c95d-53d8-fd123d092613,2018-03-08 06:32:44.310,2018-03-08 06:32:44.165
532,2018-01-06 20:43:34.000,com.sec.android.app.shealth,UTC-0400,2018-01-06 20:42:04.000,7.0,fac71345-8950-c884-07cd-8ed314214a71,2018-01-06 20:47:24.110,2018-01-06 20:42:18.869
533,2018-01-03 15:04:48.000,com.sec.android.app.shealth,UTC-0400,2018-01-03 15:04:42.000,1.0,fb13099a-d574-bbd2-fd6d-4fbb5eb40223,2018-01-03 15:04:48.646,2018-01-03 15:04:48.645
534,2018-04-11 20:04:50.000,com.sec.android.app.shealth,UTC-0300,2018-04-11 20:04:20.000,1.0,fc892dfb-3b58-ab86-46a7-36af3b034284,2018-04-11 20:07:34.937,2018-04-11 20:07:34.919
535,2018-04-25 17:01:20.000,com.sec.android.app.shealth,UTC-0300,2018-04-25 17:00:50.000,2.0,fdd74344-c43f-43a8-08fa-8dfe2a33e657,2018-04-25 17:01:21.439,2018-04-25 17:01:16.891
536,2018-01-31 17:28:31.000,com.sec.android.app.shealth,UTC-0400,2018-01-31 17:28:25.000,1.0,fe001b0c-b35e-37f9-3895-f02e59669a3a,2018-01-31 17:30:31.781,2018-01-31 17:30:31.781
537,2018-03-17 14:18:36.000,com.sec.android.app.shealth,UTC-0300,2018-03-17 14:18:10.000,1.0,fea15fa3-b45d-3476-edb6-57dfb9ebca0a,2018-03-17 14:41:23.637,2018-03-17 14:41:23.619
538,2017-12-21 11:17:42.000,com.sec.android.app.shealth,UTC-0700,2017-12-21 11:17:15.000,1.0,ff33a971-03ca-738b-de01-581913f6f14d,2017-12-21 11:24:07.037,2017-12-21 11:24:07.036
539,2018-04-04 17:24:14.000,com.sec.android.app.shealth,UTC-0300,2018-04-04 17:24:02.000,1.0,ff5ca30b-7cb9-49c1-c454-fd50d6c023d0,2018-04-04 17:29:13.044,2018-04-04 17:29:13.043
540,2017-12-27 23:15:48.000,com.sec.android.app.shealth,UTC-0700,2017-12-27 23:15:08.000,2.0,ffe34f9f-53ac-35e0-c797-fd7a4c4d226f,2017-12-27 23:41:40.023,2017-12-27 23:41:39.997
