,efficiency,has_sleep_data,com.samsung.health.sleep.datauuid,quality,com.samsung.health.sleep.custom,com.samsung.health.sleep.end_time,original_wake_up_time,com.samsung.health.sleep.start_time,com.samsung.health.sleep.time_offset,com.samsung.health.sleep.update_time,original_bed_time,com.samsung.health.sleep.create_time,original_efficiency
0,92.66304,1.0,03f12ce0-9ade-5c74-9d57-686fd3966f2a,50003.0,,1520501400000,1.5205014e+12,1520479380000,UTC-0400,1520516398387,1.52047938e+12,1520501522181,92.66304
1,87.78802,1.0,0419de25-ff8a-e425-0864-7e83b7f5d991,,,1519565280000,,1519539300000,UTC-0400,1519565416332,,1519565416332,
2,90.026955,1.0,048b90e0-1e31-7875-337c-e9d8c24bea59,,,1527932940000,,1527910620000,UTC-0300,1527932972094,,1527932972094,
3,93.16239,1.0,058e45d4-2bda-fc5f-6545-c965c65fea43,,,1529749920000,,1529735940000,UTC-0300,1529750846337,,1529750846337,
4,93.75,1.0,059021fb-39a7-ab8c-e488-662743e11821,,,1515159660000,,1515128040000,UTC-0400,1515159899850,,1515159899850,
5,93.305435,1.0,060dfa33-9b74-abbf-a85b-e8e97a1d1277,,,1526120220000,,1526091600000,UTC-0300,1526120350209,,1526120350209,
6,90.97065,1.0,085dd73a-e700-94b8-bb53-5920a6493932,,,1528367040000,,1528340520000,UTC-0300,1528367490729,,1528367490729,
7,92.4,1.0,08b8cbd8-ef69-b0b3-8277-bd2fb80168d9,,,1514820540000,,1514805600000,UTC-0700,1514821205119,,1514821205119,
8,87.598946,1.0,095e5c43-db7b-eb38-9bc1-c8b37e55c9e8,50003.0,,1518167880000,1.51816788e+12,1518145200000,UTC-0400,1518171560353,1.5181452e+12,1518168011192,87.598946
9,92.10526,1.0,09c1e778-d39c-2bf5-32db-6b6cbc05aec7,,,1526381580000,,1526379360000,UTC-0300,1526382504262,,1526382504262,
10,91.75258,1.0,0a780ea3-d69b-3748-0c9b-b3dbe4283157,,,1529114100000,,1529108340000,UTC-0300,1529115012281,,1529115012281,
11,94.0919,1.0,0ab8be04-14f8-8180-aac2-686c4a1b90e0,,,1528800840000,,1528773420000,UTC-0300,1528800866973,,1528800866973,
12,94.318184,1.0,0c26562f-f823-d90d-c3b7-b6966a5fb13b,,,1526205660000,,1526184600000,UTC-0300,1526205768745,,1526205768745,
13,92.82609,1.0,0c5696ba-9983-8905-e351-39a24f862afb,,,1532686140000,,1532658600000,UTC-0300,1532687030300,,1532687030300,
14,89.87341,1.0,0d82d76e-63c8-4d9f-ca01-8295d961a5c6,,,1525821840000,,1525817040000,UTC-0300,1525821877974,,1525821877974,
15,88.957054,1.0,101a1466-b539-649c-875e-e71b812f50c0,,,1521287700000,,1521277980000,UTC-0300,1521287766875,,1521287766875,
16,89.6861,1.0,10797ac7-5c29-10e0-2d5d-21aa21512187,,,1530183720000,,1530156960000,UTC-0300,1530183768343,,1530183768343,
17,94.34889,1.0,10ca230a-fdf7-5493-6b18-06dc195d172f,,,1522404360000,,1522379940000,UTC-0300,1522404414964,,1522404414964,
18,91.86813,1.0,14b016fc-05a1-a849-64c7-a1289bca1586,,,1521883740000,,1521856500000,UTC-0300,1521883816435,,1521883816435,
19,89.86667,1.0,14c8276e-aed4-e8e7-993d-265cfe125353,,,1525067700000,,1525045200000,UTC-0300,1525067729591,,1525067729591,
20,93.90863,1.0,153f822a-070b-17d7-8f86-e2b79a58f0bb,,,1527847200000,,1527823620000,UTC-0300,1527847371671,,1527847371671,
21,94.57505,1.0,161a352b-f9fd-1a38-b8ae-6ef0fa498d4b,50004.0,,1519732920000,1.51973292e+12,1519699800000,UTC-0400,1519734729493,1.5196998e+12,1519733014825,94.57505
22,96.57258,1.0,16c97b07-7605-bb1b-22a1-b48d5ac17ef7,50005.0,,1520595720000,1.52059572e+12,1520565960000,UTC-0400,1520599290789,1.52056596e+12,1520595756968,96.57258
23,91.34948,1.0,18987595-2b8f-1c72-9966-312eabed5400,,,1523000280000,,1522983000000,UTC-0300,1523000497307,,1523000497307,
24,91.30435,1.0,19b915d4-de22-a8d8-f5a0-4b58d6431e28,,,1515333660000,,1515324060000,UTC-0400,1515334559770,,1515334559770,
25,92.78847,1.0,1d3912ad-ad42-1629-3f27-41ce8d682eaa,,,1522663800000,,1522638900000,UTC-0300,1522663944013,,1522663944013,
26,94.902916,1.0,1d4fb447-0895-51fb-9ce9-d087a50674c0,,,1513425180000,,1513400520000,UTC-0400,1513426084768,,1513426084768,
27,94.61538,1.0,1da2e867-1a60-5fd5-c073-867b9a90dd67,,,1524637680000,,1524622140000,UTC-0300,1524638604303,,1524638604303,
28,92.65873,1.0,1db10de5-840d-0b09-1d8a-9506fab6d442,,,1517485020000,,1517454840000,UTC-0400,1517485925260,,1517485925260,
29,94.43156,1.0,1dc84416-5956-fe30-8089-049c7f165927,,,1531390140000,,1531364340000,UTC-0300,1531390310772,,1531390310772,
30,92.227974,1.0,1e110907-d94e-761d-79bb-8c6a0abe25db,,,1527590160000,,1527578580000,UTC-0300,1527590326078,,1527590326078,
31,95.9799,1.0,1e75a548-8b60-1bce-c183-c0dfd44e798d,50003.0,,1519642380000,1.51964238e+12,1519618560000,UTC-0400,1519648616131,1.51961856e+12,1519642478160,95.9799
32,90.54054,1.0,1f826129-5d5b-eaa7-ca0b-84824dad8f92,,,1525171260000,,1525162440000,UTC-0300,1525171382661,,1525171382661,
33,92.77389,1.0,20d2364f-2699-c452-b222-e3975ced3045,,,1528712580000,,1528686120000,UTC-0300,1528712646942,,1528712646942,
34,93.34917,1.0,2130f080-7243-1d39-e5ae-e581f31b0503,,,1515581700000,,1515556500000,UTC-0400,1515581888509,,1515581888509,
35,92.26804,1.0,243c53eb-0e6e-e687-18ee-5019b819e25e,,,1529057100000,,1529033820000,UTC-0300,1529057121816,,1529057121816,
36,95.3168,1.0,245860ce-77c4-fea2-735d-63542f0cb955,,,1529143200000,,1529121480000,UTC-0300,1529144107692,,1529144107692,
37,90.909096,1.0,2505f1d0-e27f-c0a6-387d-62c219bd9481,,,1527660660000,,1527648780000,UTC-0300,1527660707998,,1527660707998,
38,93.952484,1.0,25751910-abd5-7b4a-297b-ba25d1d51610,,,1522232760000,,1522205040000,UTC-0300,1522232898981,,1522232898981,
39,89.655174,1.0,2595a88f-da6f-7d67-049b-70d2bc84d81e,,,1527761460000,,1527754500000,UTC-0300,1527761501122,,1527761501122,
40,92.07317,1.0,269583ec-cf98-b93b-4036-26a036c8a05f,,,1527329340000,,1527299820000,UTC-0300,1527329594840,,1527329594840,
41,92.821785,1.0,26e39a14-d426-66b4-f255-da267d0c4aad,,,1526899740000,,1526875560000,UTC-0300,1526899816102,,1526899816102,
42,89.43489,1.0,270ba1c8-2ac0-1b6d-e7fb-f98acd2f5570,,,1532428920000,,1532403900000,UTC-0300,1532428972983,,1532428972983,
43,93.174065,1.0,2722f3f3-63af-910f-f032-28729fb8151f,,,1513759680000,,1513742100000,UTC-0400,1513760243977,,1513760243977,
44,92.741936,1.0,27eb43a1-f5b3-310c-72f5-8cd2f4cef4ec,,,1530268200000,,1530245940000,UTC-0300,1530268473711,,1530268473711,
45,94.545456,1.0,28d482ea-9280-e6d6-4f83-13185c728a40,50004.0,,1517827320000,1.51782732e+12,1517800980000,UTC-0400,1517828778310,1.51780098e+12,1517828029697,94.545456
46,92.89474,1.0,295ca00d-f18e-ad03-4e4e-1e9a38ed5d6b,,,1531131780000,,1531108980000,UTC-0300,1531131835400,,1531131835400,
47,92.68293,1.0,2b49d301-16d1-dfe2-22cb-8efd3345614a,,,1531645800000,,1531626180000,UTC-0300,1531646722291,,1531646722291,
48,92.666664,1.0,2c2b1a44-b2a1-b3f9-7b79-870099fc7f1f,,,1521789180000,,1521771240000,UTC-0300,1521790083284,,1521790083284,
49,92.14438,1.0,2d2237e4-2d26-703f-50a1-20c90dc6d113,,,1528626240000,,1528597980000,UTC-0300,1528626277087,,1528626277087,
50,91.42857,1.0,2f2cd14c-79d2-ee29-8b86-fdef77e92678,,,1516011660000,,1515988620000,UTC-0400,1516011810491,,1516011810491,
51,92.056076,1.0,302848a0-834f-ff5b-c786-3d6c86ba9d3a,,,1515064980000,,1515039300000,UTC-0400,1515065034445,,1515065034445,
52,91.85022,1.0,305f040f-1fff-41bc-7275-c99ec6aa85a0,,,1531475040000,,1531447860000,UTC-0300,1531475529613,,1531475529613,
53,92.97753,1.0,32af108a-9f5c-ad4f-c534-7b9fe36121fa,,,1527754200000,,1527732900000,UTC-0300,1527754353438,,1527754353438,
54,91.72577,1.0,34a711df-4d2d-876e-ef75-2e59f6cc98a3,,,1526551860000,,1526526480000,UTC-0300,1526551888949,,1526551888949,
55,96.36363,1.0,353533e6-8753-a564-e67e-171c0386c61c,50003.0,,1520072340000,1.52007234e+12,1520049300000,UTC-0400,1520073627836,1.5200493e+12,1520072410002,96.36363
56,89.393936,1.0,35585f12-bab6-69cb-2eac-b682b1bb5c71,,,1524724260000,,1524712380000,UTC-0300,1524724310579,,1524724310579,
57,93.04933,1.0,35619088-ec69-e14e-8fa8-d0a210dd42e6,50003.0,,1520760960000,1.52076096e+12,1520734260000,UTC-0300,1520767292812,1.52073426e+12,1520761069613,93.04933
58,95.83333,1.0,3588a234-c3df-02c0-ce1f-bf2eb43db3f0,,,1531653780000,,1531648080000,UTC-0300,1531654700284,,1531654700284,
59,92.26667,1.0,36136966-45c9-5dac-2f04-5da33bc7e9c8,,,1532514240000,,1532491800000,UTC-0300,1532514367301,,1532514367301,
60,93.589745,1.0,36d26781-cb9b-2072-8bc5-3ffe4a5f5c02,,,1529180040000,,1529175420000,UTC-0300,1529180939305,,1529180939305,
61,93.071594,1.0,36e4cbbd-9630-c47f-bb1a-c3e645da0ca2,,,1520678520000,,1520652600000,UTC-0400,1520678881400,,1520678881400,
62,91.66667,1.0,36f694bb-3931-d96d-90b0-fca8d63b2865,50003.0,,1521106860000,1.52110686e+12,1521082440000,UTC-0300,1521136656613,1.52108244e+12,1521106926860,91.66667
63,92.24138,1.0,379f85d2-1ac2-9484-32af-d7cea69a71ba,,,1517217240000,,1517196420000,UTC-0400,1517218145301,,1517218145301,
64,91.97708,1.0,39a6c1c4-f83b-a2ed-1395-32c749609bc9,,,1529922420000,,1529901540000,UTC-0300,1529923128761,,1529923128761,
65,93.0131,1.0,39eef090-71cc-d55a-0c85-9e8de13af4e0,,,1523874000000,,1523846520000,UTC-0300,1523874042914,,1523874042914,
66,88.53333,1.0,3b463993-361f-47d6-5680-b68a1e6dc56a,,,1527499620000,,1527477180000,UTC-0300,1527500530321,,1527500530321,
67,95.62044,1.0,3b8e7b63-692d-ef8e-1ff8-b1fd48fce7a9,,,1523014260000,,1523006100000,UTC-0300,1523015164374,,1523015164374,
68,93.066666,1.0,3dac1176-93ff-ca17-4708-b4a77ce543a4,50003.0,,1516874100000,1.5168741e+12,1516851660000,UTC-0400,1516882719997,1.51685166e+12,1516874988313,93.066666
69,93.94572,1.0,3e03dec6-4722-38aa-eb47-65dc51c85f88,50003.0,,1518433320000,1.51843332e+12,1518404640000,UTC-0400,1518440660886,1.51840464e+12,1518434231299,93.94572
70,91.025635,1.0,3ff530d8-57e3-02ca-aae6-83db1ad2c0ff,,,1521974460000,,1521955800000,UTC-0300,1521974616674,,1521974616674,
71,95.06493,1.0,40315d4e-3ff7-ed18-022c-7a8223727d3f,,,1528193100000,,1528170060000,UTC-0300,1528193225945,,1528193225945,
72,96.385544,1.0,404a8019-49ad-71bd-1498-1a6f5944f850,,,1521690840000,,1521685920000,UTC-0300,1521691746294,,1521691746294,
73,60.000004,1.0,40a05fac-79e8-b953-9997-3427163986e6,,,1516623600000,,1516621560000,UTC-0400,1516624496405,,1516624496405,
74,93.220345,1.0,40c2fe23-27ac-80ef-5d06-80c323326244,,,1528453020000,,1528431840000,UTC-0300,1528453948352,,1528453948352,
75,89.47369,1.0,418cce87-c908-c64a-862d-8d171fcef95c,,,1530996300000,,1530990660000,UTC-0300,1530997201295,,1530997201295,
76,91.967865,1.0,41b5b291-31eb-68cd-80d5-0af3b6aaf1a1,,,1531996500000,,1531966680000,UTC-0300,1531997372311,,1531997372311,
77,95.631065,1.0,41f9b81f-5ad0-48a6-07a8-547a9f7edfd3,50004.0,,1516968780000,1.51696878e+12,1516931760000,UTC-0400,1516975351179,1.51693176e+12,1516969666292,95.631065
78,90.804596,1.0,42c4c901-e0e9-0ed3-8049-57a71ccf4304,,,1532777460000,,1532746200000,UTC-0300,1532778375350,,1532778375350,
79,93.99142,1.0,45422fc1-35a4-7645-ab48-a38c0d23bfa1,50004.0,,1518953400000,1.5189534e+12,1518925500000,UTC-0400,1518953765374,1.5189255e+12,1518953476175,93.99142
80,92.42762,1.0,4590cfb4-55b7-c57e-60b2-9ce972b43b3d,,,1521625320000,,1521598380000,UTC-0300,1521625344842,,1521625344842,
81,94.90446,1.0,45ee7a27-c4e8-6e8f-b4d1-b8689859f39f,,,1528960560000,,1528941780000,UTC-0300,1528961443518,,1528961443518,
82,92.20779,1.0,47355970-f833-cfa5-48ef-b6fd56e7ed4c,,,1530227580000,,1530223020000,UTC-0300,1530228490259,,1530228490259,
83,95.16807,1.0,47ea7442-78bb-4873-cd8e-8a417dcfe877,,,1521195300000,,1521166800000,UTC-0300,1521195457960,,1521195457960,
84,90.59139,1.0,493f82f7-4d8e-5e75-b838-28e82058a810,,,1527158280000,,1527136020000,UTC-0300,1527159181803,,1527159181803,
85,89.952156,1.0,4953be3c-9909-9b97-e999-87af8e367923,,,1519105200000,,1519092720000,UTC-0400,1519106095283,,1519106095283,
86,88.505745,1.0,4c7c65a7-2fb6-1d19-209f-f980940bed14,,,1532256660000,,1532225400000,UTC-0300,1532257557292,,1532257557292,
87,91.78082,1.0,4d54798b-87c9-3988-46ae-3ecbb5042e1d,,,1525863900000,,1525842000000,UTC-0300,1525863951310,,1525863951310,
88,88.6121,1.0,4d621f3b-3c67-f2ad-2bf0-cccc01d38b99,,,1514804400000,,1514787600000,UTC-0700,1514805309322,,1514805309322,
89,91.6,1.0,4d791210-f950-441d-846a-42616bb76543,,,1531823700000,,1531793760000,UTC-0300,1531824608318,,1531824608318,
90,91.013824,1.0,4d870843-b045-9f50-8149-c5a9eca32db3,,,1531737120000,,1531711080000,UTC-0300,1531737175393,,1531737175393,
91,70.27027,1.0,4e04d4a7-da06-3afc-7395-803db93ac1d9,,,1523002740000,,1523000580000,UTC-0300,1523003617272,,1523003617272,
92,93.08756,1.0,4e053f37-04a1-9947-069e-aa167f802681,,,1525080840000,,1525067880000,UTC-0300,1525080916222,,1525080916222,
93,93.333336,1.0,4e7ba199-a636-4a12-fbe5-6ca14f485f1a,,,1527067380000,,1527039480000,UTC-0300,1527067428896,,1527067428896,
94,92.72031,1.0,4ebed4af-fa4b-a94f-eeb0-c45ec42fc138,,,1525428480000,,1525412880000,UTC-0300,1525428611070,,1525428611070,
95,90.120964,1.0,4f224a77-e1f5-8feb-f1ee-64352ff2fb54,,,1514567880000,,1514538180000,UTC-0700,1514568784308,,1514568784308,
96,83.33333,1.0,4f3a6409-0ad8-c03e-a02f-0c74f9845c64,,,1515930600000,,1515928860000,UTC-0400,1515931075709,,1515931075709,
97,93.70786,1.0,5112e0e4-3ff5-4620-a488-9ef126270895,,,1516186020000,,1516159380000,UTC-0400,1516186195702,,1516186195702,
98,92.244896,1.0,54d4e23a-6353-52a8-553b-201b9a58efc1,,,1525686780000,,1525657380000,UTC-0300,1525686803764,,1525686803764,
99,88.52814,1.0,554eb406-b3fd-38bc-98c6-b55fa180acee,,,1530700620000,,1530672960000,UTC-0300,1530701490285,,1530701490285,
100,63.076927,1.0,556636eb-957a-a1ea-6da8-c1f155805b82,,,1529292840000,,1529289000000,UTC-0300,1529293716294,,1529293716294,
101,95.13184,1.0,583a264f-6ce3-a419-813d-a92dfe12ad0e,,,1520934660000,,1520905140000,UTC-0300,1520934726238,,1520934726238,
102,93.269226,1.0,5935ece5-0c3b-4e55-5e14-ab72f2f5021f,,,1524816360000,,1524797700000,UTC-0300,1524816483130,,1524816483130,
103,87.76224,1.0,5ae71c67-e2f8-924d-3fe2-d7b026d01767,,,1527577860000,,1527560700000,UTC-0300,1527577920058,,1527577920058,
104,95.47511,1.0,5bc2a601-0ba2-3239-33f6-16b94c826b80,50003.0,,1515497880000,1.51549788e+12,1515471420000,UTC-0400,1515543599968,1.51547142e+12,1515498802279,95.47511
105,94.19238,1.0,5e2ade36-de0a-3774-7b04-2bd358ff0f40,,,1522752000000,,1522718940000,UTC-0300,1522752046779,,1522752046779,
106,89.08686,1.0,5e638502-12f3-fade-dc79-d97dc20ebe9c,,,1531303380000,,1531276500000,UTC-0300,1531303467716,,1531303467716,
107,87.09677,1.0,5f2988e5-ef8d-3992-4222-aaa5ec018c14,,,1529059020000,,1529057220000,UTC-0300,1529059941292,,1529059941292,
108,91.62304,1.0,604fa367-bfab-801d-db26-b75b21a92c61,,,1525253400000,,1525230540000,UTC-0300,1525253471680,,1525253471680,
109,91.331924,1.0,6162f0db-d899-4efb-a471-ba8e5ecf6493,50003.0,,1518001620000,1.51800162e+12,1517972580000,UTC-0400,1518010245789,1.51797258e+12,1518002496349,91.331924
110,95.13184,1.0,61f5fc3a-b37b-3e71-d62f-05e1490cf96f,,,1521023520000,,1520993940000,UTC-0300,1521023562034,,1521023562034,
111,90.2439,1.0,6211e83f-3841-9886-762b-974a3183b573,,,1518998640000,,1518993780000,UTC-0400,1518998736322,,1518998736322,
112,88.09524,1.0,631d5985-2089-69be-1823-aa9e6600b2f1,,,1523616900000,,1523586720000,UTC-0300,1523617053235,,1523617053235,
113,95.69378,1.0,64964be7-ba87-f777-894a-8e2701186530,,,1523268720000,,1523243700000,UTC-0300,1523268896659,,1523268896659,
114,87.70053,1.0,65707a84-bc56-2050-1f71-48d9f1c2bbad,,,1521800580000,,1521789420000,UTC-0300,1521800697492,,1521800697492,
115,92.90188,1.0,68d19a9c-c6fa-2fef-5c4f-cc04537fad19,50003.0,,1518518700000,1.5185187e+12,1518490020000,UTC-0400,1518519406165,1.51849002e+12,1518518801929,92.90188
116,91.434265,1.0,6a6039c7-88c4-ea1a-8fe8-7906c6143032,,,1513963080000,,1513933020000,UTC-0700,1513964003295,,1513964003295,
117,0.0,1.0,6a607e26-b756-985f-baf2-2804d74755d4,,,1524912480000,,1524911400000,UTC-0300,1524913006916,,1524913006916,
118,93.593315,1.0,6adbdeaf-dfa4-c290-b917-2200a8e80b00,,,1514898480000,,1514877000000,UTC-0400,1514898589626,,1514898589626,
119,89.76378,1.0,6d95c617-f5f9-9000-22e6-e724ff770d4d,,,1526297100000,,1526274300000,UTC-0300,1526297217470,,1526297217470,
120,94.72574,1.0,6e9b2daa-15d7-3f8d-3166-4b2ffb7f5c8f,,,1529576700000,,1529548320000,UTC-0300,1529577010680,,1529577010680,
121,82.02247,1.0,6f036005-9da8-81b4-d5ef-c818578da542,,,1526729760000,,1526724480000,UTC-0300,1526730669334,,1526730669334,
122,93.371216,1.0,702abd7b-c657-0d02-6629-eca30aabff59,50004.0,,1518696480000,1.51869648e+12,1518664860000,UTC-0400,1518696783817,1.51866486e+12,1518696583310,93.371216
123,88.5965,1.0,706cb058-e6e4-976e-f600-ad9453c9dc73,,,1514250540000,,1514243760000,UTC-0700,1514250668813,,1514250668813,
124,92.21453,1.0,71108bfa-2512-6f6f-0417-4abf7969b912,,,1515246720000,,1515212040000,UTC-0400,1515246799438,,1515246799438,
125,92.30769,1.0,717b065c-0802-ae93-4028-fcc2b1a4b7c3,,,1527242280000,,1527213480000,UTC-0300,1527242340158,,1527242340158,
126,88.97436,1.0,7213f818-a3f5-8acc-c41d-7aecb203ce1b,,,1532341260000,,1532317920000,UTC-0300,1532342171282,,1532342171282,
127,96.55172,1.0,72b976a1-6c43-5c2f-a2c6-9360a7278d29,,,1524476340000,,1524455520000,UTC-0300,1524476452999,,1524476452999,
128,90.46653,1.0,73b916de-2388-6d24-c2c7-40d6747d3850,,,1530444180000,,1530414660000,UTC-0300,1530444299647,,1530444299647,
129,91.681114,1.0,74845709-7176-0c70-e120-4d65de63d21a,50002.0,,1517573640000,1.51757364e+12,1517539080000,UTC-0400,1517575298616,1.51753908e+12,1517573997042,91.681114
130,93.11111,1.0,74cab487-a0cf-1c7e-924c-1179c42bf291,50003.0,,1520162760000,1.52016276e+12,1520135820000,UTC-0400,1520163945843,1.52013582e+12,1520162843747,93.11111
131,89.69072,1.0,753a183f-0858-2913-3f91-d918410ec670,,,1523188080000,,1523182320000,UTC-0300,1523188973301,,1523188973301,
132,91.95046,1.0,7554675f-2632-9e5a-2833-30fee3066cb9,,,1524391560000,,1524372240000,UTC-0300,1524391838635,,1524391838635,
133,88.65248,1.0,765f54b8-1330-b13c-6871-0f1fcb478c7c,,,1530612480000,,1530587160000,UTC-0300,1530613397279,,1530613397279,
134,94.117645,1.0,76cd0ae3-871b-8ef1-0be9-1415bce038d0,,,1514125020000,,1514093460000,UTC-0700,1514125933273,,1514125933273,
135,92.17759,1.0,775e89c5-1a1e-cf80-a950-81104212dec9,50004.0,,1517140680000,1.51714068e+12,1517112360000,UTC-0400,1517142522293,1.51711236e+12,1517140765213,92.17759
136,96.01227,1.0,77a0fb59-e50c-1a07-3f15-73fb2ecb9a43,,,1526984700000,,1526965200000,UTC-0300,1526985597354,,1526985597354,
137,91.60584,1.0,77c451b1-24ff-5efd-ecc6-bb9c77dc66ff,,,1532084580000,,1532051700000,UTC-0300,1532084621086,,1532084621086,
138,0.0,1.0,78d01a70-9f6d-3a94-505a-dfc6bdb18ed2,,,1514955900000,,1514955300000,UTC-0400,1514956788280,,1514956788280,
139,88.324875,1.0,7919c073-d764-a39b-cf03-a16170942182,,,1524736320000,,1524724560000,UTC-0300,1524736493928,,1524736493928,
140,91.847824,1.0,7af75fc7-c3c5-f265-d10d-bfd64b5fb9f4,,,1527413340000,,1527391320000,UTC-0300,1527414238296,,1527414238296,
141,92.85714,1.0,7c4d83c0-a415-978c-5518-487de22bb0e6,,,1528538640000,,1528514340000,UTC-0300,1528538767351,,1528538767351,
142,95.4984,1.0,7c5bde20-37fc-e8db-4688-dddd29f0af06,,,1521277560000,,1521258960000,UTC-0300,1521277895010,,1521277895010,
143,95.945946,1.0,7c701a40-4bb2-932b-c664-5e211bf1e815,,,1518290340000,,1518281520000,UTC-0400,1518291231280,,1518291231280,
144,85.26315,1.0,7c7970d9-e76a-bb03-fd36-6a8286852810,,,1530530400000,,1530501960000,UTC-0300,1530530793451,,1530530793451,
145,94.291756,1.0,7d0e7e5b-5421-dfe8-6f4d-8a7cf19c68f0,50004.0,,1517742540000,1.51774254e+12,1517714220000,UTC-0400,1517744301946,1.51771422e+12,1517743231660,94.291756
146,92.07048,1.0,7f604ded-986d-2294-aafa-df5303447b77,,,1523960700000,,1523933520000,UTC-0300,1523960794614,,1523960794614,
147,95.09804,1.0,7f823e3e-609a-3a82-f972-28bd72ac3a62,50003.0,,1517650320000,1.51765032e+12,1517625900000,UTC-0400,1517651295220,1.5176259e+12,1517650393816,95.09804
148,94.1691,1.0,7fcbbb49-6408-7a2e-1164-10d4b2b1e21f,,,1524301200000,,1524280680000,UTC-0300,1524301327605,,1524301327605,
149,92.656586,1.0,81441feb-8762-ef69-65f4-e42b0c1cf435,50003.0,,1516532940000,1.51653294e+12,1516505220000,UTC-0400,1516540083027,1.51650522e+12,1516533851322,92.656586
150,93.45795,1.0,8176fbbf-62b4-a137-6a9d-7aa98f4bd93f,,,1530874320000,,1530842280000,UTC-0300,1530874437562,,1530874437562,
151,91.876755,1.0,81fb30f4-3641-af72-0c7c-78abeac8e6cf,,,1530782520000,,1530761160000,UTC-0300,1530783403270,,1530783403270,
152,93.548386,1.0,8434ce20-0ab9-2753-02f7-c7b90c71bbbe,,,1529732820000,,1529719860000,UTC-0300,1529733720258,,1529733720258,
153,90.96154,1.0,87086237-8763-1ed4-0a53-02c92d6ac1aa,,,1528026240000,,1527995100000,UTC-0300,1528026406193,,1528026406193,
154,92.484344,1.0,886a4460-7dc3-4695-6007-08eec2b195b0,,,1525947360000,,1525918680000,UTC-0300,1525947496028,,1525947496028,
155,93.069305,1.0,89154243-5ac5-a191-7635-bfb72d2532a8,,,1525342380000,,1525336380000,UTC-0300,1525342581450,,1525342581450,
156,0.0,,8a774fff-3766-42ac-bbad-7a75dc508661,50002.0,,1525593000000,,1525582200000,UTC-0300,1525738765861,,1525738765861,
157,82.608696,1.0,8d71859f-edec-23ae-ec48-f8bd0d016bfa,,,1523876100000,,1523874780000,UTC-0300,1523876982283,,1523876982283,
158,93.52679,1.0,8d7eb7c2-e145-b3c6-eeee-4f9433c42cb9,,,1522317180000,,1522290360000,UTC-0300,1522317258349,,1522317258349,
159,89.15663,1.0,8dc45884-9243-60ca-5646-262a2860b301,,,1523692320000,,1523672460000,UTC-0300,1523693237344,,1523693237344,
160,0.0,1.0,8de7476d-fca9-cc01-54e2-80b862e7aae2,,,1517222280000,,1517221380000,UTC-0400,1517223184278,,1517223184278,
161,94.67456,1.0,8e358090-9995-b9d7-8a42-4c3d8838c0e3,,,1523172180000,,1523151960000,UTC-0300,1523172266822,,1523172266822,
162,93.7788,1.0,8e4e20d2-8eda-4afd-4db0-4804bfbd02de,,,1521455340000,,1521429360000,UTC-0300,1521455408348,,1521455408348,
163,93.02326,1.0,901f23c7-2fb6-7f4a-fa4c-bd3f1666ca13,,,1522923780000,,1522895460000,UTC-0300,1522923902043,,1522923902043,
164,91.45728,1.0,90acfb9c-942b-daa9-076d-6b20ac8f579d,,,1524130860000,,1524107040000,UTC-0300,1524131027594,,1524131027594,
165,91.49425,1.0,90e1c31b-e59d-c74e-f7c1-da5983e92f48,,,1524563280000,,1524537240000,UTC-0300,1524563350878,,1524563350878,
166,85.75581,1.0,912507db-4707-39d7-672a-fea5e59c37fe,,,1529837220000,,1529816640000,UTC-0300,1529838103288,,1529838103288,
167,93.18885,1.0,93405262-d282-f3a6-f4a9-4ea1a6ad946f,,,1514041800000,,1514022480000,UTC-0700,1514042703272,,1514042703272,
168,92.952385,1.0,942051e3-083c-9b37-91a8-0757441e2b17,,,1514650140000,,1514618700000,UTC-0700,1514650268703,,1514650268703,
169,89.779564,1.0,9515253e-b47e-1e8b-32ae-e4bcd4cb9a92,,,1532602800000,,1532572860000,UTC-0300,1532602836902,,1532602836902,
170,88.2353,1.0,95cbe4fd-9491-cb5b-f051-cd2a225c68d5,,,1529789280000,,1529783220000,UTC-0300,1529790111577,,1529790111577,
171,89.39096,1.0,96b675a6-16a0-da60-855d-da0b21d7c3de,,,1531569900000,,1531539420000,UTC-0300,1531570027494,,1531570027494,
172,95.42334,1.0,97b4f037-c747-81dd-b639-219790b81e67,,,1528278660000,,1528251660000,UTC-0300,1528278730022,,1528278730022,
173,91.46608,1.0,97b7c170-54de-b04a-8530-ea5b8ce0bb88,,,1515668760000,,1515641400000,UTC-0400,1515668855890,,1515668855890,
174,92.82297,1.0,98e4dc75-823e-7112-cd1f-1f396b8e196a,50003.0,,1518259920000,1.51825992e+12,1518234900000,UTC-0400,1518261048126,1.5182349e+12,1518260519172,92.82297
175,96.34146,1.0,9910f6c6-236f-dc17-b27f-c45497588ebe,,,1513597320000,,1513567860000,UTC-0400,1513598239246,,1513598239246,
176,92.85714,1.0,9a0a5d2e-4f1d-dec6-aca7-bb6e251b17ac,,,1521715980000,,1521700020000,UTC-0300,1521716029549,,1521716029549,
177,96.22093,1.0,9b58dce6-f4dc-2240-c065-ead0f9cc4322,,,1520845200000,,1520824620000,UTC-0300,1520845609636,,1520845609636,
178,93.84289,1.0,9bb022f2-d800-9637-abb8-edd7a886ef00,50003.0,,1519988400000,1.5199884e+12,1519960140000,UTC-0400,1519989977171,1.51996014e+12,1519988457857,93.84289
179,92.50457,1.0,9f26b15e-a686-f2be-b20a-88c991655ec9,50004.0,,1520423520000,1.52042352e+12,1520390760000,UTC-0400,1520428293734,1.52039076e+12,1520424432323,92.50457
180,92.97052,1.0,9f71b8db-ba97-ecab-c0a1-25e1ac34f7d6,,,1524998460000,,1524972000000,UTC-0300,1524998500906,,1524998500906,
181,0.0,1.0,9fb92d1b-a102-be22-1c53-53c0246ee1af,,,1517219340000,,1517218320000,UTC-0400,1517220215404,,1517220215404,
182,90.38461,1.0,a00316c8-74de-6e0c-101a-a1f2ed2e25be,,,1531908180000,,1531883280000,UTC-0300,1531908275973,,1531908275973,
183,0.0,1.0,a0e2e4f0-4348-bd0f-deb7-d0bb14167884,,,1515928020000,,1515927060000,UTC-0400,1515928917264,,1515928917264,
184,90.574715,1.0,a29f437b-ba75-6646-f362-2f62cbf57af8,,,1528106100000,,1528080060000,UTC-0300,1528106440634,,1528106440634,
185,92.36948,1.0,a3eebb9e-2297-05e8-0bb6-63f1b450bc4e,50002.0,,1516359300000,1.5163593e+12,1516329480000,UTC-0400,1516374040786,1.51632948e+12,1516359412702,92.36948
186,92.67015,1.0,a4725c28-bd7b-59ea-c495-dd10bc491b5c,,,1523704500000,,1523693100000,UTC-0300,1523704562260,,1523704562260,
187,92.83276,1.0,a6341b4a-ed53-6784-c284-9e0b848daef1,,,1523344080000,,1523326560000,UTC-0300,1523344369136,,1523344369136,
188,89.52381,1.0,a6816039-9671-60c8-f303-eddacd877349,,,1528429500000,,1528423260000,UTC-0300,1528430402472,,1528430402472,
189,93.26241,1.0,a6cb0fbc-e35a-7cde-8d11-bf3c9bd41df4,,,1514211300000,,1514177520000,UTC-0700,1514212201316,,1514212201316,
190,87.5,1.0,a9b283f7-f02b-6e20-0fc6-c66d4a4cb95b,,,1525412340000,,1525399920000,UTC-0300,1525413244305,,1525413244305,
191,94.47369,1.0,aa143ee0-62c0-5d5e-60c4-f61f159c1c07,,,1526379300000,,1526356500000,UTC-0300,1526379355623,,1526379355623,
192,93.177734,1.0,aaeb53a8-55e5-cd92-082c-dc089a75964b,,,1531053960000,,1531020540000,UTC-0300,1531053990044,,1531053990044,
193,94.97207,1.0,ab0f1875-7624-278b-0b64-697699479347,,,1522580520000,,1522559100000,UTC-0300,1522580634034,,1522580634034,
194,91.29464,1.0,ab433015-0bbc-f724-77ee-c5662a41bbe2,50003.0,,1518345840000,1.51834584e+12,1518319020000,UTC-0400,1518347001840,1.51831902e+12,1518345961384,91.29464
195,85.71429,1.0,ac71b014-b737-4d4e-0198-1a9172fd65f8,50001.0,,1517051640000,1.51705164e+12,1517050440000,UTC-0400,1517059920998,1.51705044e+12,1517051793141,85.71429
196,94.47236,1.0,ac946421-37d8-39d8-c635-ae14edbb0c95,,,1522837560000,,1522813740000,UTC-0300,1522837677286,,1522837677286,
197,0.0,1.0,ad17d745-a7bd-5a6b-f886-b9c2b6b77dd0,,,1514957880000,,1514956920000,UTC-0400,1514958797298,,1514958797298,
198,92.98246,1.0,ad7c0edd-1fc7-6b2f-f9d4-28e36b093006,,,1528885860000,,1528858560000,UTC-0300,1528885950698,,1528885950698,
199,94.230774,1.0,af627ee8-e556-366a-4358-d346af8f861d,,,1519899300000,,1519874340000,UTC-0400,1519899346956,,1519899346956,
200,91.36069,1.0,b0a6a910-2e3d-d0a8-f828-d2c7a053d5d5,,,1523440920000,,1523413200000,UTC-0300,1523441008571,,1523441008571,
201,86.0,1.0,b1606a43-fff3-4683-2cfd-02f76fb1219f,,,1528571340000,,1528565340000,UTC-0300,1528571392943,,1528571392943,
202,97.22992,1.0,b1d7f0ba-28bd-881e-9f6e-2d6736b5c7e8,,,1526031780000,,1526010120000,UTC-0300,1526031803794,,1526031803794,
203,90.47619,1.0,b2ad7789-8888-1a64-a45c-bc4e68e48498,,,1527967380000,,1527962340000,UTC-0300,1527967443977,,1527967443977,
204,74.5098,1.0,b2b67bb7-5414-fd12-4019-524f032681ba,,,1523179020000,,1523176020000,UTC-0300,1523179915267,,1523179915267,
205,93.414635,1.0,b3818857-a509-4ffa-ba6c-3be867d17a54,,,1526724300000,,1526699760000,UTC-0300,1526724371389,,1526724371389,
206,90.909096,1.0,b4abd414-d8af-7e40-2f3e-3d2afafd5c86,,,1515315480000,,1515300360000,UTC-0400,1515316354278,,1515316354278,
207,93.01397,1.0,b4da94fe-9877-7e21-6e9f-399e1b435f3d,,,1522147380000,,1522117320000,UTC-0300,1522147431760,,1522147431760,
208,95.76471,1.0,b5b8ca61-38f5-b0f8-744b-2421d85c1ae0,,,1519379040000,,1519353600000,UTC-0400,1519379149249,,1519379149249,
209,93.548386,1.0,b6ffb34b-574c-101c-abf8-93e314533437,,,1531620060000,,1531616400000,UTC-0300,1531620986265,,1531620986265,
210,89.926735,1.0,b7e153dc-ea77-3238-c12d-30bf7aa251f4,,,1514475780000,,1514443080000,UTC-0700,1514475888771,,1514475888771,
211,92.227974,1.0,b89b1aa1-d427-6268-c483-afceb5106516,,,1524652140000,,1524640620000,UTC-0300,1524653061285,,1524653061285,
212,91.33858,1.0,ba86acf9-5cf0-ace1-9d1c-6f0d1ed40f62,,,1515750840000,,1515728040000,UTC-0400,1515750968470,,1515750968470,
213,90.40591,1.0,bdcf513f-3996-8df4-9692-628df5f76af0,,,1531219920000,,1531187460000,UTC-0300,1531220053603,,1531220053603,
214,89.906105,1.0,bf337db9-471a-588a-465c-8dfecc8a44f4,,,1532862540000,,1532837040000,UTC-0300,1532862606340,,1532862606340,
215,89.02954,1.0,bf566512-2ec3-60dd-ce42-dffc1a16f3ad,,,1524898080000,,1524883920000,UTC-0300,1524898233193,,1524898233193,
216,94.416245,1.0,bf65e290-daf5-0bfd-339b-d0207a504e9d,,,1522059120000,,1522035540000,UTC-0300,1522059243342,,1522059243342,
217,93.641624,1.0,bffd946f-f3ad-54ed-9fae-7351fb39e334,50004.0,,1517311260000,1.51731126e+12,1517280180000,UTC-0400,1517318267011,1.51728018e+12,1517312170297,93.641624
218,91.91686,1.0,c0f47bb4-d294-c98d-1550-332688ff915a,,,1524046800000,,1524020880000,UTC-0300,1524047724269,,1524047724269,
219,86.95652,1.0,c1cd69a7-4345-9d5b-c62f-31c3184aade8,,,1532297100000,,1532291040000,UTC-0300,1532298019305,,1532298019305,
220,95.07042,1.0,c23933a0-841f-4e5a-cc84-a411f23a7edf,,,1521370800000,,1521345240000,UTC-0300,1521370832626,,1521370832626,
221,93.520515,1.0,c2cf9f93-8319-49a4-9dac-51cd815f8bdd,,,1516100100000,,1516072380000,UTC-0400,1516100174981,,1516100174981,
222,95.06726,1.0,c3bee3b6-510b-cf84-7c63-7106310663e6,,,1526467140000,,1526440440000,UTC-0300,1526467310561,,1526467310561,
223,83.78378,1.0,c48bc014-6b03-5cb2-87da-c200b5e9436e,,,1522813560000,,1522809120000,UTC-0300,1522813610835,,1522813610835,
224,90.75,1.0,c4a52845-8165-4920-30d8-e35c1399ff67,,,1525336320000,,1525312320000,UTC-0300,1525336335647,,1525336335647,
225,93.5567,1.0,c536acb0-965d-4f27-c91f-55a8bbec5133,,,1519811040000,,1519787820000,UTC-0400,1519811187741,,1519811187741,
226,93.93305,1.0,c61ff446-0772-176f-7c4b-05307096fba2,50004.0,,1518867120000,1.51886712e+12,1518838500000,UTC-0400,1518867435415,1.5188385e+12,1518867390204,93.93305
227,93.65751,1.0,c6a4fcda-4cc6-85d0-1247-c733759d4550,,,1516706100000,,1516677780000,UTC-0400,1516706341756,,1516706341756,
228,91.66667,1.0,c7550798-882f-6c6e-2ea1-9f66d251a6e4,,,1515411540000,,1515378480000,UTC-0400,1515411913936,,1515411913936,
229,90.2439,1.0,c766c418-1b61-b75f-f11e-09179a0ec1b1,,,1532173740000,,1532144280000,UTC-0300,1532173872846,,1532173872846,
230,94.85715,1.0,c951e281-e034-5cda-9119-110eabd0557e,,,1514980020000,,1514959080000,UTC-0400,1514980932286,,1514980932286,
231,92.34568,1.0,c9b3dc9d-18ab-bf72-a6b7-68c69ed3581f,50003.0,,1516790640000,1.51679064e+12,1516766400000,UTC-0400,1516882659141,1.5167664e+12,1516790858390,92.34568
232,92.517006,1.0,caa1da9e-6660-d756-19e5-39c84c5a503c,,,1530356340000,,1530329880000,UTC-0300,1530356374685,,1530356374685,
233,94.61078,1.0,cbd2a307-293c-f3fc-56d9-c4d5e83ccbaf,,,1529484120000,,1529464140000,UTC-0300,1529485033311,,1529485033311,
234,83.67347,1.0,cc080eb4-a0bb-f289-ede4-e1b86e92584f,,,1525911360000,,1525905540000,UTC-0300,1525912237336,,1525912237336,
235,80.0,1.0,cd33a61d-5bfb-f6fa-0758-e5088de18088,,,1529536800000,,1529532660000,UTC-0300,1529537704278,,1529537704278,
236,89.778534,1.0,d0419195-8969-a317-7e4a-73b9a9b2354a,,,1514734740000,,1514699580000,UTC-0700,1514734838924,,1514734838924,
237,94.299286,1.0,d0d6801a-e85d-ec59-0ec5-574daef57ba7,,,1521535860000,,1521510660000,UTC-0300,1521536747315,,1521536747315,
238,92.91338,1.0,d2c0bf2c-ead2-ce63-9882-bc326b65b453,,,1523525820000,,1523503020000,UTC-0300,1523525977604,,1523525977604,
239,94.654785,1.0,d371cb1f-5906-be6a-3b7b-9631e14ecf09,,,1520335200000,,1520308260000,UTC-0400,1520335204267,,1520335204267,
240,70.96774,1.0,d5712eb4-d002-3f81-1594-a9d6e8b6a0d0,,,1530743040000,,1530739380000,UTC-0300,1530743930297,,1530743930297,
241,92.54386,1.0,d597668b-fe23-8d0b-216f-636430e20bb9,,,1530095820000,,1530068520000,UTC-0300,1530095977223,,1530095977223,
242,91.89189,1.0,d5997037-9343-47a2-5d3d-eab2c6fc820c,,,1527677280000,,1527668460000,UTC-0300,1527678165269,,1527678165269,
243,95.84905,1.0,d5f2db5e-f6d3-fa15-2f84-cf90414fd932,,,1515843780000,,1515812040000,UTC-0400,1515843877870,,1515843877870,
244,89.93839,1.0,d72c84b4-5401-430b-413a-2114350bcb8e,,,1530012240000,,1529983080000,UTC-0300,1530012414390,,1530012414390,
245,94.59459,1.0,d7a55caa-ae7c-84d6-99ff-e4da3387c21f,,,1525161900000,,1525146420000,UTC-0300,1525162008140,,1525162008140,
246,77.61194,1.0,daa46b56-100b-c078-6e46-2da3a2fd2619,,,1529848140000,,1529840160000,UTC-0300,1529849051290,,1529849051290,
247,87.70053,1.0,dafff106-4d80-3d6b-00a8-40d61787fa12,50003.0,,1518084720000,1.51808472e+12,1518062340000,UTC-0400,1518085797638,1.51806234e+12,1518084829145,87.70053
248,95.194084,1.0,df4f1a49-7723-0115-3462-f9b722478a4a,50004.0,,1518781920000,1.51878192e+12,1518749520000,UTC-0400,1518783037523,1.51874952e+12,1518782097627,95.194084
249,90.50445,1.0,e0664096-575b-367f-4d30-18cceae78a25,50003.0,,1517048580000,1.51704858e+12,1517028420000,UTC-0400,1517059655366,1.51702842e+12,1517049479282,90.50445
250,95.454544,1.0,e0a1661d-dad1-f571-10bb-15b668b56c2f,50004.0,,1517397840000,1.51739784e+12,1517367540000,UTC-0400,1517404946345,1.51736754e+12,1517398287503,95.454544
251,91.1833,1.0,e12fcada-d472-1cea-5f80-47f9333e5031,,,1519294200000,,1519268400000,UTC-0400,1519295080283,,1519295080283,
252,94.305244,1.0,e18b777f-1f46-fde4-f889-a8d57f9ff9f4,,,1529230620000,,1529204340000,UTC-0300,1529230727066,,1529230727066,
253,92.456894,1.0,e1e5eda8-e3c0-1870-5fd2-cfe54fb792c8,,,1518603420000,,1518575640000,UTC-0400,1518603565777,,1518603565777,
254,93.71197,1.0,e3c52661-73fe-9f1e-e65d-c68b4fa27855,,,1524220320000,,1524190800000,UTC-0300,1524220392891,,1524220392891,
255,95.726494,1.0,e5080fc1-38f1-96cf-c412-b0a87c162507,,,1531089060000,,1531082100000,UTC-0300,1531089140834,,1531089140834,
256,94.67005,1.0,e551c3d0-37b8-490d-153e-65b19b45d069,,,1523096580000,,1523073000000,UTC-0300,1523096720921,,1523096720921,
257,91.075516,1.0,e82c571c-9ae7-f641-8186-daeb806daacf,,,1526637900000,,1526611680000,UTC-0300,1526637958716,,1526637958716,
258,92.05128,1.0,e9c6054c-cb9b-2d41-deca-37de777c3d30,,,1514307780000,,1514284440000,UTC-0700,1514308675283,,1514308675283,
259,94.58239,1.0,ea07fcf9-c8eb-3d53-6bd4-ef193359312f,,,1515926820000,,1515900300000,UTC-0400,1515926907980,,1515926907980,
260,94.047615,1.0,ea976b77-90cd-58ea-f688-936c067a4f00,,,1526339760000,,1526334780000,UTC-0300,1526339835395,,1526339835395,
261,86.0,1.0,eba4a522-15a0-c6a0-3285-b309eb154fc4,,,1529868300000,,1529862360000,UTC-0300,1529869205277,,1529869205277,
262,92.92929,1.0,ed4e5011-6ba4-4895-9a5b-bb483dd4be54,,,1524911220000,,1524905340000,UTC-0300,1524911341562,,1524911341562,
263,93.333336,1.0,ee1d8295-d888-e56c-2718-b7922892a471,,,1531519320000,,1531513980000,UTC-0300,1531520244244,,1531520244244,
264,0.0,,f0555b25-9fd9-403a-89fd-eeb01f567fbc,50001.0,,1525766400000,,1525755600000,UTC-0300,1525777468143,,1525777468143,
265,95.89372,1.0,f28585b2-f623-4e62-e9ce-0d168f957ac4,,,1516270200000,,1516245420000,UTC-0400,1516270338173,,1516270338173,
266,94.672134,1.0,f2fe1fbf-2ae3-c9c4-c766-22610a602c37,,,1522493220000,,1522463940000,UTC-0300,1522493279493,,1522493279493,
267,90.909096,1.0,f3ae4148-51bf-1f77-b5e7-e3d7276e3af7,,,1517913120000,,1517887440000,UTC-0400,1517913238988,,1517913238988,
268,72.72727,1.0,f4102932-0997-e575-1483-aa96681a1a28,,,1514952060000,,1514948160000,UTC-0400,1514952138717,,1514952138717,
269,91.452995,1.0,f45a2528-bd51-6e3a-b8b9-909a0b56160b,,,1524823500000,,1524816540000,UTC-0300,1524823655514,,1524823655514,
270,91.81495,1.0,f485f886-64e2-2b3b-daa2-c89574727f23,,,1519472760000,,1519455900000,UTC-0400,1519472771159,,1519472771159,
271,76.190475,1.0,f746e4c1-ce42-64d2-9083-938c19c8748d,,,1529147940000,,1529146740000,UTC-0300,1529148816247,,1529148816247,
272,91.30435,1.0,f75a02dd-f2d0-8439-ebc6-ebf21b317fce,,,1516620000000,,1516588320000,UTC-0400,1516620229072,,1516620229072,
273,92.38281,1.0,f938452b-fde8-d2d0-be34-73ef72fe5a06,,,1530962700000,,1530932040000,UTC-0300,1530963578307,,1530963578307,
274,93.93939,1.0,fa6d8e8e-a9ef-8a12-2378-30600e77dfe5,,,1523785560000,,1523755920000,UTC-0300,1523785624251,,1523785624251,
275,93.31849,1.0,fb8c3f14-65d0-40e1-75a8-28b6a8297dcb,,,1529662920000,,1529635980000,UTC-0300,1529662962362,,1529662962362,
276,90.8397,1.0,fd2cc77d-a9f3-13c3-965f-a166db7a0e2c,,,1526818560000,,1526795040000,UTC-0300,1526819445314,,1526819445314,
277,93.56137,1.0,fd50d8c9-fd11-b1e0-011f-10714d984fac,,,1529400600000,,1529370840000,UTC-0300,1529400689041,,1529400689041,
278,92.77778,1.0,fde67d6c-4823-6520-e0f4-888aeb7372c5,,,1529315160000,,1529293620000,UTC-0300,1529316061351,,1529316061351,
